Chromosome	Enhancer.location	Promoter.location	Tissues.with.Enhancer.marks	Tissues.with.Promoter.marks
chr1	1405500	1405000	LV	MSC
chr1	1940960	1941000	LV,SG	H1,MFL
chr1	6225600	6225100	LV	H1
chr1	6402800	6402400	LG,LV	H1,H1MSC,GA,PO,RA,SB,SG
chr1	6448600	6448600	MES,GA,LV	SB
chr1	9700500	9700100	H1,MES,TRO,LG,LV,PA	OV,TH
chr1	13712987	13712500	TRO,LG,LV	AD,PO,SV,TH
chr1	16085600	16085500	H1,MES,NPC,TRO,MSC,AD,H1MSC,LG,LIV,LV,SG,TH	AC,CG,MFL,DUO
chr1	16411800	16411600	MES,GA,LG,LV,PA,TH	H1,H1MSC
chr1	16893200	16892787	TRO,MSC,AO,GA,LG,LV	HIP,AC,CG,MFL,DUO
chr1	18830200	18830500	NPC,GA,LV,SX	MES,PO
chr1	18842800	18842900	LG,LV,SG	PO,TH
chr1	20566100	20565800	TRO,MSC,IMR90,AD,H1MSC,GA,LV	NPC,HIP,AC,CG,ITL
chr1	20788800	20788800	H1,MES,NPC,MSC,IMR90,AD,GA,LG,LV,OV,PA	H1MSC,LIV,SG
chr1	21821000	21821300	AO,LV,RA,SV	GA,LG,LIV,PA,SG
chr1	24342600	24342200	LV,SV,SB	H1MSC,GA,LIV,PA,SG
chr1	26327100	26326987	MES,TRO,IMR90,AC,ITL,DUO,H1MSC,LV,PA,TH	SG
chr1	26610600	26610500	LV,PA	H1,MES,NPC,TRO
chr1	27159800	27159300	LV,PO	H1,MES,TRO,H1MSC,GA,LG,LIV,PA,SB,SG
chr1	27542000	27541900	H1,MES,NPC,TRO,IMR90,LV,RA	H1MSC,GA,PA,SB,TH
chr1	27721600	27721700	H1,MES,TRO,MSC,IMR90,AO,LG,LV,OV,PA,PO,RA,SV,SG	HIP,ITL,DUO,TH
chr1	27868800	27868700	H1,AD,LV,SB	CG,ITL,MFL
chr1	28134600	28134200	MSC,IMR90,LG,LIV,LV,PO,SB	H1,PA
chr1	29011700	29011900	GA,LV,OV,PA	H1,ITL
chr1	31069700	31069900	MES,TRO,MSC,AD,AO,H1MSC,GA,LG,LIV,LV,PA,SB,SG,TH	HIP,AC,CG,ITL,MFL
chr1	31485200	31485000	H1MSC,LG,LV	H1,MES,NPC,AD,HIP,AC,CG,ITL,MFL,PO
chr1	32011400	32010900	MES,TRO,MSC,AO,H1MSC,LG,LV,SB,SG	AC,CG,ITL,MFL,TH
chr1	32514000	32513500	LV	TH
chr1	33124900	33125400	H1,MSC,H1MSC,GA,LG,LV,SG	AC,MFL
chr1	35020187	35019900	TRO,MSC,LG,LV	H1,MES,H1MSC,GA
chr1	35168400	35168100	MSC,H1MSC,LV	H1,MES,NPC,AD,HIP,AC,CG,ITL,MFL,GA,LIV,OV,PA,PO,RA,SG
chr1	35946400	35946387	LV	H1,MES,NPC,HIP,AC,CG,ITL,MFL,RA,TH
chr1	37271800	37271700	TRO,LG,LV	H1,MES,NPC,AC,CG,ITL,MFL
chr1	37795600	37795400	TRO,AO,LV,SB	NPC,HIP,AC,CG,ITL,MFL,DUO,PA
chr1	39056900	39056800	TRO,MSC,LG,LV,SG	H1
chr1	39180000	39180000	H1,IMR90,LV,PO	H1MSC,GA,SG
chr1	39506900	39507300	MES,NPC,TRO,MSC,IMR90,LG,LIV,LV,PA,SB,SG,TH	CG,ITL,MFL,DUO
chr1	39510900	39510600	MES,IMR90,DUO,H1MSC,LIV,LV,OV,PA,SB,SG,SX,TH	ITL
chr1	43508900	43509187	TRO,IMR90,CG,H1MSC,LV,SV,SB,TH	H1,PA
chr1	46728500	46728387	TRO,LG,LIV,LV,SB	H1,PO
chr1	47262500	47262200	LV	AC,MFL,H1MSC,GA,PO
chr1	47417800	47417900	H1,MES,TRO,MSC,AO,LG,LV,SV,SB,SG	AC,MFL
chr1	47464600	47464287	TRO,LV,SB	RA
chr1	47673000	47672600	MSC,LV,PA	SG
chr1	47948400	47948100	TRO,MSC,IMR90,AO,LG,LV	H1,NPC,AC,LIV,PO,RA,SB,SG
chr1	51535700	51535400	H1,MES,TRO,IMR90,GA,LG,LV,SG	ITL
chr1	55278800	55278700	TRO,LV	H1,MES,NPC,H1MSC,GA,LG,LIV,PA,SB,SG
chr1	63557800	63558300	LV,PA	H1
chr1	66031600	66031200	LV,SB	H1,MES,NPC,IMR90,HIP,AC,CG,ITL,MFL,DUO,SG
chr1	67546400	67546200	TRO,LV	H1,MES,PA,PO
chr1	74912100	74911800	LV	HIP,AC,CG,MFL
chr1	75374200	75373900	TRO,MSC,LG,LV,SB	H1,MES,NPC,DUO,GA,PA,PO
chr1	77003700	77003500	LV	CG
chr1	86394600	86394200	TRO,LG,LV	H1,MES,NPC,IMR90,HIP,AC,CG,ITL,MFL,DUO,H1MSC,PO,RA
chr1	98284100	98284200	LV	MES,NPC,IMR90,AD,HIP,AC,CG,ITL,MFL,DUO,GA,LIV,PO,RA
chr1	98287700	98287600	MES,MSC,H1MSC,LV,SB,SG	HIP,AC,CG,ITL,MFL
chr1	99242600	99242900	H1MSC,LG,LV,SB	H1,MES,NPC,TRO,AC,CG,ITL,MFL,GA,PO,RA
chr1	109160900	109161000	H1,NPC,TRO,MSC,IMR90,AD,H1MSC,LG,LV,PA,SB,SG	AC,ITL
chr1	109736800	109736700	TRO,MSC,IMR90,AD,H1MSC,LIV,LV,PA,SG,SX	AO,AC,ITL,PO,RA
chr1	109968200	109968600	H1,IMR90,AD,AO,H1MSC,GA,LIV,LV,OV,PA,RA,SV,SB	HIP,MFL
chr1	110495700	110495300	TRO,MSC,H1MSC,LG,LV	HIP,AC,CG,ITL,MFL
chr1	110900300	110899900	AO,H1MSC,LG,LV,SG	HIP,AC,CG,ITL,MFL
chr1	117223100	117222800	H1,MES,NPC,TRO,MSC,IMR90,H1MSC,GA,LG,LV,OV,PA,PO,SB,SG	HIP,AC,CG,ITL,MFL
chr1	118529600	118529523	NPC,LG,LV,SB	AC
chr1	119328700	119329000	H1,NPC,TRO,H1MSC,LG,LV	MFL,PO
chr1	141480423	141480400	MES,TRO,AD,H1MSC,GA,LIV,LV,PA,RA,SG	HIP,AC,CG,ITL,MFL,DUO,LG,SX
chr1	146257200	146257200	LG,LV,SB	H1
chr1	148747600	148748000	MFL,LV,SG	H1MSC
chr1	152030000	152029800	AD,H1MSC,GA,LG,LIV,LV,PA,SB,TH	AC,CG,ITL,MFL,DUO,OV
chr1	152120824	152120800	MSC,AD,CG,DUO,LV,PO,SB,SG,TH	MFL
chr1	152807300	152807400	TRO,MSC,IMR90,AD,H1MSC,GA,LG,LV,PA,SV,SG	H1,NPC,AC,CG,ITL,MFL
chr1	153532000	153531800	H1MSC,GA,LG,LV,OV,PA,SV,SG	H1
chr1	154218500	154218300	TRO,H1MSC,LG,LV,SG,TH	IMR90
chr1	154373200	154373700	GA,LV,PA	MSC
chr1	154666100	154665600	H1,TRO,LV,SX	MES,HIP,AC,CG,ITL,MFL
chr1	157408800	157408600	TRO,LG,LIV,LV,PA	H1,MES,NPC,HIP,AC,CG,ITL,MFL,DUO
chr1	157424800	157424800	LV,OV	H1,MES,NPC
chr1	162990500	162990100	IMR90,AD,DUO,H1MSC,LG,LV,PA,PO	AC
chr1	167339100	167339000	H1,NPC,TRO,MSC,IMR90,AD,AO,H1MSC,LG,LV,OV,PO,RA,SV	SG
chr1	167822600	167822400	H1,MES,TRO,AD,LV,SB	LIV
chr1	179554400	179554200	TRO,AO,GA,LG,LV,PA	H1,HIP
chr1	179719023	179718800	H1MSC,LG,LV,SB	H1,NPC,HIP,AC,CG,ITL,MFL,DUO
chr1	179721800	179721500	GA,LV,PA,PO,SB	HIP,AC,CG,ITL,MFL
chr1	181470900	181471000	H1,MES,NPC,TRO,MSC,MFL,H1MSC,GA,LG,LV,PA,SB,SG,TH	OV
chr1	181653700	181653500	MSC,H1MSC,LG,LV,SG	H1,MES,NPC,TRO,HIP,AC,CG,ITL,MFL,DUO,RA
chr1	182866000	182865700	TRO,AD,DUO,H1MSC,LG,LV,OV,PA,PO,RA,SB,SG	LIV
chr1	196148300	196148200	NPC,MSC,DUO,LG,LV,SB	LIV,OV
chr1	199350600	199350600	AO,LV	NPC,HIP,AC,CG,ITL,MFL,GA,OV,PA,SB,TH
chr1	199519200	199519400	H1,MES,TRO,IMR90,LV,PA,SG,TH	H1MSC
chr1	200946300	200946300	TRO,AO,LG,LIV,LV,SG	H1,MES,AC,OV
chr1	201586900	201586600	H1,MES,IMR90,HIP,H1MSC,GA,LG,LV,PA,PO,SB,SG	DUO,OV
chr1	202450100	202449800	TRO,MSC,IMR90,AO,H1MSC,LG,LV,SG	LIV
chr1	203279600	203279700	GA,LV,PO	HIP,AC,CG,ITL,MFL
chr1	203579700	203580100	MSC,LG,LIV,LV,SG	H1,MES,CG,MFL,OV
chr1	203680500	203680523	H1,MES,NPC,H1MSC,GA,LG,LV,OV,PO	MFL
chr1	203692900	203692500	MSC,LV,PO,SV	H1,MES,NPC,TRO
chr1	203827800	203828100	H1,MES,TRO,H1MSC,GA,LG,LV	AC
chr1	205271600	205271800	LIV,LV,TH	H1MSC,LG,SG
chr1	205695000	205694700	TRO,MSC,LV	HIP,AC,CG,MFL,DUO,GA,PO,RA,SB,TH
chr1	207671700	207671900	LV	H1MSC,GA
chr1	207996400	207996800	LG,LV	SB,TH
chr1	208009500	208009400	MES,TRO,MSC,IMR90,AD,AO,HIP,AC,CG,ITL,GA,LG,LIV,LV,OV,PA,PO	TH
chr1	208178800	208178300	LG,LIV,LV,SX	H1,MES,NPC,TRO,IMR90,AD,HIP,AC,CG,ITL,MFL
chr1	209374300	209373800	AD,LG,LV	NPC,HIP,AC,CG,ITL,MFL,DUO,GA,PO
chr1	224080400	224080500	AD,H1MSC,LG,LV,OV,PO,SV,SB	LIV
chr1	226632800	226633200	AO,LV	H1,MES,NPC,TRO,AD,HIP,AC,CG,ITL,MFL,DUO,H1MSC,GA,LG,OV,PA,TH
chr1	226671100	226670900	LG,LV,SB	H1,MES,NPC,TRO,AC,CG,ITL,MFL,OV
chr1	226718700	226719100	TRO,MSC,LG,LV,PA	H1,HIP,AC,CG,ITL,MFL,TH
chr1	232417500	232417000	TRO,LV	H1,MES,NPC,HIP,AC,CG,ITL,MFL,GA,PA
chr1	234113500	234113200	MSC,IMR90,AD,H1MSC,LG,LV,OV,PO,SB,SG,SX	HIP,ITL,MFL,GA
chr1	234202123	234202300	MES,TRO,MSC,AD,H1MSC,LG,LIV,LV,SB,SG	HIP,AC,CG,DUO
chr1	238323100	238323000	TRO,LG,LV	H1,MES,NPC,IMR90,AD,AC,CG,ITL,MFL,DUO,GA,OV,PO
chr1	246087700	246087500	LV	MES,NPC,TRO,AC,SG,SX,TH
chr2	9815700	9815751	H1,MES,NPC,TRO,MSC,IMR90,H1MSC,GA,LG,LV,PA,SV,TH	CG
chr2	10105900	10106200	TRO,AO,GA,LG,LV,PA,PO	LIV
chr2	11597800	11598000	H1,MES,NPC,AD,HIP,CG,ITL,MFL,GA,LV,PA,PO,RA,SV	OV
chr2	11602000	11601600	LV	OV
chr2	11616700	11616500	MES,NPC,TRO,LV,RA	OV
chr2	11888451	11888400	H1,MES,NPC,TRO,MSC,LG,LV,SB,SG,TH	CG
chr2	21120200	21119905	IMR90,AO,GA,LV,PA	H1,MES
chr2	25453900	25453700	H1,MES,NPC,TRO,MSC,IMR90,AO,H1MSC,GA,LG,LV,OV,PA,PO,SV,SB,SG,TH	CG
chr2	27165900	27166200	LV	LIV
chr2	29997900	29997700	TRO,MSC,LG,LV,SG	H1,NPC,HIP,AC,CG,ITL,MFL,DUO
chr2	43212200	43211700	H1,MES,TRO,MSC,IMR90,AD,CG,MFL,DUO,LG,LIV,LV,PA,SV,SG	TH
chr2	45010300	45009800	TRO,LG,LV,SB	PO,RA
chr2	45033900	45033400	TRO,LG,LV	AC
chr2	45094400	45094804	LG,LV,SB	NPC,PO
chr2	46155300	46155500	H1,TRO,MSC,IMR90,GA,LV,RA,SV,SG	LG
chr2	47353000	47353500	H1,MES,TRO,AD,AO,GA,LG,LV	AC
chr2	48187700	48187400	H1,MES,TRO,MSC,IMR90,AO,H1MSC,GA,LG,LIV,LV,OV,PO,SB,SG	AC
chr2	51113004	51112800	LG,LV	H1,MES,NPC,HIP,AC,CG,ITL,MFL,DUO
chr2	60650304	60650600	LV,SB,SX	AC,TH
chr2	61752300	61752100	H1,LG,LV,SB,SX,TH	DUO
chr2	62652100	62651900	IMR90,LV,SV,SG	LIV
chr2	68947300	68947800	LV	RA
chr2	73350200	73350000	TRO,MSC,LV	H1,MFL
chr2	74579300	74579600	TRO,AO,LV,OV	H1,MES,DUO,H1MSC,GA,LIV,PO,SB,SG
chr2	79074100	79074000	TRO,LG,LV,SB	HIP,AC,CG,ITL,MFL
chr2	85659200	85659000	CG,ITL,LV,OV,PO	MES,DUO,H1MSC,GA,LIV,PA,SB,SG,TH
chr2	88845800	88846300	LV	CG,ITL,MFL,TH
chr2	90999200	90999000	H1MSC,LG,LV	AD,GA,LIV,PA,PO,RA
chr2	95712127	95712400	AD,LV	AC,CG
chr2	98852400	98852100	TRO,AO,ITL,DUO,LV,PO	H1MSC
chr2	111207500	111207000	TRO,MSC,LV,SB,SG	H1,MES,NPC,LG
chr2	119310200	119309800	MSC,LG,LV	AD,HIP,CG,DUO,GA,LIV,PA,PO
chr2	120916700	120916670	TRO,GA,LG,LV	H1,MES
chr2	127897200	127897600	LV	H1
chr2	131230670	131230300	LG,LV,SG	H1,MES,NPC,HIP,AC,CG,ITL,MFL,GA,PA
chr2	131438300	131437900	MSC,LG,LV	MES,HIP,AC,CG,ITL,MFL,PO
chr2	131614800	131615300	LV	MSC
chr2	136499700	136499900	MES,NPC,TRO,MSC,CG,GA,LV	AC
chr2	139253900	139254300	LG,LV,SB,SG	H1,MES,NPC,TRO,CG,ITL,MFL,GA,OV,PO
chr2	149604000	149603800	LV	H1,MES,TRO,H1MSC,GA,PA,SB,SG
chr2	154437100	154437000	LV	H1,MES,NPC,TRO,AC,CG,ITL
chr2	157822700	157822900	MES,TRO,LV,PO,SV,TH	IMR90,GA,LG,SB,SG
chr2	157892700	157892400	H1,IMR90,LV	CG,ITL
chr2	170280700	170280546	IMR90,GA,LG,LV,OV,SV,SB,SG	HIP,AC,CG,ITL,MFL,DUO
chr2	172675500	172675700	LG,LV	MES,TRO,IMR90,AD,HIP,AC,CG,ITL,MFL,DUO,H1MSC,GA,LIV,OV,PA,PO,RA,SG,TH
chr2	175303700	175303300	LG,LV	HIP,AC,CG,ITL,MFL
chr2	176653100	176653400	MSC,H1MSC,LV	PO,SG
chr2	176670300	176670500	H1,MSC,LV,SB	DUO,GA,LIV,SG
chr2	200042600	200042300	TRO,MSC,GA,LG,LV	SG
chr2	207555545	207555245	H1,MES,IMR90,DUO,LV,SG,TH	AC,ITL
chr2	207647100	207647200	H1,MES,IMR90,AD,MFL,DUO,LG,LV,SB,TH	ITL
chr2	208980600	208980200	MSC,LV,SG	PA
chr2	218979700	218980000	MSC,LG,LV	H1,NPC,HIP,AC,CG,ITL,MFL,DUO,OV,PO,TH
chr2	219453200	219453644	H1,MES,TRO,LG,LV,SB	H1MSC
chr2	219632600	219632700	HIP,LV,SV	DUO,GA,LIV,SB,SG
chr2	219881944	219882000	MSC,AD,GA,LV,PO	H1,IMR90,AC,ITL,MFL
chr2	222872100	222871900	TRO,MSC,H1MSC,LG,LIV,LV,SB	PO
chr2	224186200	224186200	TRO,MSC,AD,H1MSC,LG,LV	AC
chr2	236179300	236179700	IMR90,LV,SB	HIP,AC,ITL
chr2	241420673	241420273	MSC,AO,H1MSC,GA,LV,OV,SV,SG	AC,ITL,MFL
chr3	9517500	9517100	TRO,MSC,IMR90,AD,AO,H1MSC,GA,LG,LIV,LV,OV,PA,SV,SG	H1
chr3	9570200	9570100	TRO,LG,LV	H1,HIP,AC,CG,ITL,MFL
chr3	9721700	9721400	TRO,AO,LG,LV,OV,SB	MFL
chr3	10833400	10833100	LV	HIP,AC,CG,ITL,MFL,H1MSC
chr3	12775700	12775700	H1,MES,TRO,MSC,IMR90,AD,AO,DUO,GA,LG,LV,OV,PO,RA,SV,SB,SG,TH	H1MSC
chr3	13032500	13032600	TRO,AC,CG,ITL,MFL,H1MSC,GA,LV,PA,SG	TH
chr3	13089900	13089900	MES,GA,LG,LV,OV,PA,PO	HIP,AC,CG,ITL,MFL
chr3	14619604	14619500	MSC,LV	H1,MES,GA
chr3	25450300	25449900	LIV,LV,SX	AC,RA
chr3	32835600	32836000	LV	H1,MES,NPC,AC,GA
chr3	42089200	42088900	H1,MES,NPC,TRO,MSC,IMR90,H1MSC,GA,LG,LIV,LV,PA,SV,SB,SG,TH	AC,ITL,MFL
chr3	42166200	42166400	NPC,TRO,IMR90,H1MSC,GA,LG,LV,PO,SV,SB,SG	HIP,AC,CG,ITL,MFL
chr3	42888300	42888800	GA,LV,PA,RA,SV	LIV
chr3	44038700	44039104	LV	NPC,HIP,AC,CG,ITL,MFL
chr3	46515500	46515500	TRO,IMR90,LV,SV	LIV
chr3	46909500	46909200	MES,TRO,MSC,IMR90,AO,GA,LG,LV,SV,SB,SG	HIP,AC,CG,ITL,MFL
chr3	50259500	50259100	H1,NPC,TRO,IMR90,AO,GA,LIV,LV,SB	TH
chr3	51965300	51965200	AO,GA,LG,LV,PA,SB	HIP,AC,CG,ITL,MFL,OV,PO
chr3	52787900	52787500	LV,PA,SB	LIV
chr3	63239500	63239800	TRO,GA,LV,PA,SB	H1,NPC,HIP,CG,ITL,MFL
chr3	64175900	64175700	H1,MES,TRO,AC,CG,H1MSC,GA,LG,LV,PA,SB,TH	OV
chr3	65558200	65558200	TRO,H1MSC,GA,LV,PA,SB	H1,MES,NPC,HIP,AC,CG,ITL,MFL
chr3	71917300	71917100	TRO,H1MSC,LG,LV,SG	H1,HIP,AC,CG,PO
chr3	72233100	72232800	TRO,LG,LV	HIP,AC,CG,ITL,MFL
chr3	73691000	73690900	H1,TRO,IMR90,AD,DUO,H1MSC,LV,OV,PO,SB,SG	ITL
chr3	75801700	75801690	AD,AO,GA,LV,OV,PO,RA,SB	CG,ITL,MFL,DUO,H1MSC
chr3	79899100	79899500	TRO,GA,LV	H1,NPC,HIP,AC,CG,ITL,MFL,DUO,OV
chr3	122862300	122862200	TRO,LG,LV,OV,SB	DUO,TH
chr3	123386100	123386000	MSC,LV	H1,PA
chr3	125902300	125901800	MSC,AD,LV,SV,SX	LIV
chr3	127489500	127489500	TRO,MSC,LG,LV,SB,SG	HIP,AC,CG,ITL,MFL,PO
chr3	127596700	127596600	MES,NPC,TRO,GA,LV,SG	AC
chr3	130195300	130195790	TRO,IMR90,AO,H1MSC,LV,SG	NPC,AC,CG,ITL,MFL,DUO
chr3	140483690	140483700	MES,GA,LV	HIP,ITL
chr3	148593690	148593200	LV,SX	H1,MES,NPC,TRO,HIP,AC,CG,ITL,DUO,LIV,PA,PO,RA
chr3	148597800	148598300	MES,TRO,GA,LV,PA	NPC,MFL
chr3	148614100	148614600	H1MSC,LG,LV	MFL
chr3	148624700	148624300	LV	MFL
chr3	159304394	159304300	TRO,MSC,LG,LV,SB	MES,RA
chr3	168580900	168580800	IMR90,LV	AC
chr3	171785900	171786100	TRO,MSC,GA,LG,LIV,LV	H1,MES,HIP,AC,CG,ITL,MFL
chr3	178560200	178560300	MES,NPC,MSC,IMR90,AO,GA,LV	HIP,AC,DUO,PO,TH
chr3	181237500	181237500	LIV,LV	H1,MES,HIP,AC,CG,ITL,MFL,OV,PA,TH
chr3	185477300	185476900	LV,SV	AC,PA
chr3	185520100	185520600	IMR90,AO,HIP,AC,CG,ITL,LV,PA,TH	PO
chr3	187298200	187298594	TRO,MSC,IMR90,AD,H1MSC,GA,LIV,LV,PA,PO,SG	AC,CG,DUO
chr3	187394600	187394600	TRO,MSC,LV	NPC
chr3	188241700	188241900	TRO,IMR90,AO,H1MSC,GA,LG,LV,PA,SB,SG,TH	LIV
chr3	195271700	195271800	MES,TRO,MSC,AO,LG,LV	HIP,AC,CG,ITL,DUO,LIV,OV,PO
chr3	195599600	195599300	GA,LV,PA,SG	DUO,OV,SB,TH
chr4	559600	560000	LG,LV,SB	H1,MES,HIP,ITL,MFL
chr4	2374500	2374398	H1,MES,NPC,TRO,IMR90,AD,H1MSC,GA,LG,LIV,LV,OV,PA,PO,SV,SB,SG	HIP,AC,CG,ITL
chr4	5943700	5943600	MSC,H1MSC,LV	HIP,AC,CG,ITL,MFL
chr4	6616500	6616500	LG,LV	AD,AC,CG,ITL,MFL,GA,LIV,OV,PA,PO,RA
chr4	13265400	13265500	LV,SV	AC,CG,MFL
chr4	17393000	17392600	TRO,LG,LV,SB	H1,HIP,AC,CG,ITL,MFL,DUO,GA,LIV,PO,RA
chr4	25640000	25639700	TRO,IMR90,H1MSC,GA,LV,OV,PO	H1
chr4	26696000	26695900	MSC,LG,LV	HIP,AC,CG,ITL
chr4	37997600	37997300	H1,MES,NPC,TRO,MSC,IMR90,AD,MFL,H1MSC,LG,LV,PA,SB,SG,SX	AC
chr4	46087000	46086900	MSC,LV	H1,MES,NPC,AC,CG,ITL,MFL,DUO,RA,SB,SG
chr4	48683500	48683257	TRO,LV	H1MSC,GA,SG
chr4	48796657	48796500	MES,AD,CG,H1MSC,LIV,LV,OV,PA,SB,TH	DUO
chr4	48801300	48801257	MSC,MFL,H1MSC,GA,LIV,LV,OV,PA,RA,SB,SX,TH	DUO
chr4	48847000	48846600	H1,MES,NPC,MSC,AD,CG,ITL,MFL,H1MSC,GA,LG,LIV,LV,OV,PA,PO,SB,SG,SX,TH	HIP,AC,DUO
chr4	55100700	55100900	MES,AD,LV	AC,CG
chr4	72159500	72159900	LV,SB	AO
chr4	81330500	81330624	MES,MSC,GA,LG,LIV,LV,SG	AC
chr4	82171600	82171500	LV	H1,MES,NPC,AC,CG,ITL,MFL,DUO,GA,OV,PO,SG
chr4	82355400	82355400	TRO,AD,LV	H1,NPC,IMR90,HIP,AC,CG,ITL,MFL,DUO,GA,LG,PA,RA,SG
chr4	85623600	85623300	MES,NPC,TRO,MSC,LV	PO
chr4	87070200	87070300	H1,NPC,MSC,DUO,LG,LV,SB,SG,SX,TH	LIV
chr4	87073300	87073100	TRO,MSC,LG,LIV,LV,PA,SB,SX	GA
chr4	89899500	89899300	H1,NPC,TRO,IMR90,LV	HIP,AC,CG,ITL,MFL
chr4	100789400	100789500	AD,LV,OV	PO,SV
chr4	104860700	104860600	TRO,GA,LV,OV,PA	H1,MES,NPC,CG,ITL,MFL
chr4	111778400	111777900	H1MSC,LG,LV,PA,SB	H1,MES,PO
chr4	113651400	113650900	H1,TRO,MSC,H1MSC,LG,LV,SB	HIP,AC
chr4	113664900	113664600	H1,MSC,LG,LV,SB	DUO,SG,TH
chr4	114257700	114257700	H1,LV,SV	HIP,AC,ITL,MFL
chr4	120171700	120171700	AO,GA,LV,OV	H1MSC,PO
chr4	147383000	147382900	H1,TRO,MSC,IMR90,AD,DUO,H1MSC,GA,LG,LIV,LV,OV,PA,PO,SB,SG,SX	AC
chr4	147779800	147779550	TRO,MSC,AD,H1MSC,LG,LV	H1,MES,HIP
chr4	155473800	155474000	TRO,MSC,LV,PA,SV	HIP,AC,CG,ITL
chr4	155632400	155632200	TRO,MSC,LG,LV	H1,NPC,HIP,AC,CG,ITL,MFL,DUO,H1MSC,GA,OV
chr4	156817100	156816600	MES,NPC,TRO,LV,SB	AO
chr4	158360800	158361300	LV	AO,HIP,AC,CG,ITL,MFL,GA
chr4	172971400	172971300	LG,LV	H1,MES,NPC,TRO,AO,HIP,AC,CG,ITL,MFL,DUO,GA,PO,SV,SX
chr4	185034700	185035100	H1MSC,LG,LV,SB	AC
chr4	186178700	186178600	TRO,MSC,H1MSC,LV	PO
chr4	187713300	187713400	AD,LV	H1,MES,NPC,PA,SG
chr4	190880100	190880400	AD,AO,LV,PO,RA,SV,SB	DUO,SX
chr5	427100	427200	IMR90,AO,LG,LV,SG	MSC
chr5	715100	715000	AC,CG,LV	MSC
chr5	726200	725800	NPC,TRO,AO,H1MSC,LG,LV,PA,SV,SB,SG	DUO
chr5	1209200	1209000	H1MSC,LV	PA
chr5	1348400	1348200	LG,LIV,LV,PA,SG	H1,MES,NPC,TH
chr5	1498400	1498600	LV,SB	H1,TH
chr5	3654000	3653700	TRO,GA,LV,SG	H1
chr5	5193400	5193700	LV	H1,MES,NPC,HIP,AC,CG,ITL,MFL,GA,OV,PA,PO
chr5	14304200	14303800	NPC,IMR90,AD,AO,H1MSC,GA,LG,LV,OV,PO,RA,SV,SG	ITL
chr5	31972700	31972700	TRO,LV,PO	H1MSC,OV
chr5	36338100	36337600	MSC,IMR90,H1MSC,LG,LV,PA,SB,SX	AO,HIP,CG,ITL,MFL,DUO
chr5	50710300	50710600	NPC,H1MSC,LV,SG	MES,GA
chr5	50714900	50715200	LG,LV	MES,TRO,AC,DUO,H1MSC,GA,PA,RA,SB
chr5	50719500	50719100	MSC,H1MSC,LG,LV	TRO,AC,GA
chr5	54552400	54552400	LV,PA	GA
chr5	54559400	54558900	LG,LV,SB	H1,NPC,AC,H1MSC,GA,PA,PO,SG
chr5	56982400	56982300	H1,TRO,IMR90,AD,LV,PA	LIV
chr5	59225500	59225400	TRO,MSC,LG,LV,PO,SB,SG	H1,HIP,AC,CG,ITL,MFL
chr5	63293356	63293700	MSC,LG,LV	H1,HIP,ITL,MFL
chr5	71511400	71511756	H1,NPC,MSC,IMR90,H1MSC,LV	HIP,AC,CG,ITL,MFL
chr5	72565300	72565600	NPC,TRO,LG,LV,SB	HIP,DUO,PO,RA
chr5	72769200	72768900	IMR90,HIP,LG,LIV,LV,SB	MES,MSC
chr5	75415500	75415300	H1MSC,LG,LV	H1,MES,NPC,AC,CG,ITL,MFL,DUO,GA,SG
chr5	77304400	77304600	MSC,H1MSC,LG,LV,SB,SG	AC
chr5	78443700	78443856	MSC,LG,LV,PO,SG	H1,LIV
chr5	79901800	79901700	LG,LV	H1,MES,NPC,TRO,MSC,AC,GA,LIV,SX
chr5	81110700	81110700	IMR90,AD,H1MSC,LG,LV,OV,PA,SB,SG,SX	HIP,AC,ITL,DUO
chr5	87992300	87992400	LG,LIV,LV,SB	HIP,AC,CG,ITL,MFL,DUO
chr5	88012500	88012300	GA,LG,LV,PO	HIP,AC,CG,ITL,MFL
chr5	92934500	92934400	MES,H1MSC,LV	NPC,MSC,MFL
chr5	92965800	92965900	H1MSC,GA,LG,LV	ITL
chr5	106935400	106935900	H1,MES,NPC,TRO,MSC,IMR90,H1MSC,LG,LV,SB	AC,CG,MFL,DUO
chr5	115326100	115326600	TRO,LG,LV	HIP,AC,CG,ITL,MFL,DUO,GA,LIV,OV,PO,RA
chr5	122458700	122459000	TRO,LV,PA,PO,SB	MES
chr5	122462800	122463200	MSC,LV	OV
chr5	124775700	124775900	H1,MES,TRO,MSC,IMR90,H1MSC,GA,LG,LV,PA,PO,SV,SB,TH	HIP
chr5	132975900	132975700	LV,SB	H1,NPC,AD,HIP,AC,CG,ITL,MFL,GA,PA,PO,SG
chr5	133435200	133434900	MES,TRO,H1MSC,LG,LV	TH
chr5	134392700	134392200	LG,LV	H1MSC
chr5	135294500	135294000	MSC,LV	H1,TRO,LIV
chr5	137221700	137221600	AD,AC,DUO,LV,PO,SX	ITL
chr5	137813100	137813400	MSC,IMR90,GA,LIV,LV,PO,SV	AC
chr5	138752000	138752500	H1,IMR90,AD,AO,H1MSC,GA,LV,PA,PO,RA	TH
chr5	139115900	139115900	NPC,TRO,MSC,GA,LV,SV,TH	CG
chr5	139537700	139537800	LV,OV	GA
chr5	139717800	139717600	H1,IMR90,GA,LV,PA,PO,SV,SG	AC,CG,ITL,MFL
chr5	140328200	140328100	LV	ITL
chr5	140400500	140400700	MSC,H1MSC,LV	MES,NPC,HIP,AC,CG,ITL,MFL,DUO
chr5	142045500	142045200	H1,MES,NPC,TRO,MSC,IMR90,DUO,H1MSC,LG,LV,PO,SV,SB,SG,TH	HIP,AC,CG,ITL,MFL
chr5	148014400	148013900	GA,LV	HIP,AC,ITL,RA,SB,SG
chr5	148168800	148169100	TRO,IMR90,H1MSC,LG,LV,PO,SX	TH
chr5	148422400	148422200	H1,MES,NPC,TRO,MSC,IMR90,AO,GA,LG,LIV,LV,PA,PO,SV,SB,SG,SX	HIP,AC,CG,ITL
chr5	149550600	149550100	TRO,MSC,GA,LV,PA,SG	MFL
chr5	149662600	149662500	GA,LV,SB,SG	H1,NPC,MSC,IMR90,DUO,OV
chr5	150950900	150951300	MES,TRO,LV,TH	H1MSC,GA
chr5	152851000	152851300	LV,SV	NPC,AO,HIP,AC,ITL
chr5	158411100	158411100	H1MSC,LV,SB,SX	OV
chr5	169864500	169864100	GA,LV	MSC,AC,CG,MFL
chr5	170676200	170676100	TRO,LV,OV,SB,SG	DUO
chr5	170810800	170810700	MES,TRO,IMR90,LG,LV	PO
chr5	173049500	173049800	MSC,HIP,AC,CG,ITL,MFL,GA,LG,LV,OV,PO,SV,SB,SG	LIV,PA
chr5	173149500	173149700	MSC,IMR90,AD,LV,SB	LIV
chr5	173226800	173226800	AD,GA,LV,SX	AC,CG
chr5	175157300	175156800	TRO,MSC,IMR90,AD,H1MSC,GA,LG,LIV,LV,OV,PA,PO,SV,SG	H1,HIP,AC,CG,ITL,MFL
chr5	175232000	175232206	TRO,MSC,IMR90,AD,H1MSC,GA,LG,LIV,LV,OV	H1,HIP,AC,CG,ITL,MFL
chr5	175989900	175990100	IMR90,AO,H1MSC,LG,LV,SB	H1,MES,HIP,AC,CG,ITL,MFL
chr5	176177800	176177700	LV,SB	MSC
chr5	179232700	179232600	GA,LV,OV	SX
chr5	179568200	179568600	LG,LV	NPC,MSC,CG,ITL,MFL,PA,PO
chr5	180520300	180520100	H1,MES,TRO,AO,GA,LV,PO,RA	AC,CG,ITL,MFL
chr5	180533200	180533300	IMR90,LG,LV	H1
chr6	2799900	2799600	H1,MES,NPC,TRO,MSC,H1MSC,GA,LG,LV,SB,SX,TH	AC,CG,ITL,DUO
chr6	3192999	3193300	H1,MES,NPC,TRO,MSC,IMR90,LV,SG	AC
chr6	6695100	6695200	H1,MES,TRO,MSC,IMR90,DUO,H1MSC,GA,LG,LIV,LV,PA,RA,SB,SG	PO
chr6	12858286	12857986	MSC,GA,LG,LIV,LV	H1,MES,NPC,MFL
chr6	24234800	24234500	GA,LIV,LV	CG,ITL,MFL
chr6	26722800	26722600	LV,SB,SG	H1,MES,NPC,RA
chr6	27172700	27172900	LV	H1,MES,GA
chr6	28283800	28283600	TRO,H1MSC,LG,LV,SB	MES,IMR90,SG
chr6	32331300	32331278	MSC,H1MSC,LG,LV,SX	HIP,AC,CG,ITL,MFL,DUO,OV
chr6	33193378	33192978	TRO,AD,GA,LV	H1,MES
chr6	35678100	35678600	H1,MES,TRO,MSC,IMR90,AD,LG,LIV,LV,PA,SG,SX	TH
chr6	37045800	37045700	AO,GA,LG,LV,PA,RA	MSC
chr6	37642200	37642100	MES,TRO,MSC,IMR90,H1MSC,LG,LV	HIP,AC,CG,ITL
chr6	39390000	39389700	TRO,MSC,LV,PO	H1,NPC,LG
chr6	43219400	43219100	H1,MES,TRO,IMR90,AC,ITL,MFL,H1MSC,GA,LG,LV,OV,PA,PO,RA,SV	TH
chr6	46402100	46401859	H1,TRO,MSC,LV,OV,RA,SG	HIP
chr6	50926000	50926200	LG,LIV,LV	H1MSC
chr6	72949300	72949421	LV	IMR90,CG,ITL,MFL,GA,PA
chr6	76701900	76701920	H1,MES,NPC,H1MSC,LV,SB	AC
chr6	87704019	87704319	MSC,LG,LV,SB	H1,MES,NPC,TRO,HIP,AC,CG,ITL,MFL,GA,OV,PA
chr6	91052000	91051500	H1,MES,NPC,TRO,MSC,H1MSC,LG,LIV,LV,SB,SX	AC
chr6	91180200	91180400	H1,MES,TRO,IMR90,GA,LG,LV,SV,TH	CG,ITL
chr6	96570200	96570500	LV	H1,MES,NPC,TRO,HIP,AC,ITL,MFL,GA,PA
chr6	99386400	99386500	TRO,LG,LV,SB	NPC,AC,CG,ITL,MFL
chr6	101953800	101954000	LV,SV	IMR90,HIP,AC,CG,ITL,MFL
chr6	106916000	106915600	LV	H1,HIP,ITL,MFL,H1MSC,GA,PA,SG
chr6	108561800	108562000	H1,MES,NPC,TRO,MSC,LG,LV	HIP,AC,CG
chr6	108604400	108604000	NPC,TRO,MSC,AO,LV,OV,SV,SB,SG	PA
chr6	110406800	110406500	TRO,H1MSC,LG,LV,PA	H1,AC,ITL,MFL
chr6	112054100	112054500	NPC,IMR90,H1MSC,GA,LV,PA,SG	AC
chr6	113993000	113992900	H1,MES,NPC,TRO,MSC,IMR90,H1MSC,LG,LV,PA,SB,SG	AC
chr6	117305093	117305100	MSC,LG,LV	H1,GA,PA
chr6	117693500	117693400	TRO,MSC,LV	H1,MES,AD,HIP,AC,CG,ITL,MFL,DUO,GA,LIV,OV,PA,PO,RA,SG
chr6	117698500	117698600	TRO,LG,LV,OV,SX	PO
chr6	123359100	123359500	LV	H1,MES,NPC,HIP,AC,CG,ITL,MFL,DUO,PO
chr6	125807800	125807400	MES,TRO,AD,LV,OV,SB,SG	AC
chr6	125975000	125974600	H1,MES,NPC,TRO,MSC,LG,LV	HIP,AC
chr6	127882200	127882193	LV	H1,MES,NPC,HIP,AC,CG,ITL,MFL
chr6	137852300	137851800	NPC,TRO,AD,H1MSC,GA,LG,LIV,LV,PA,SV,SB,SG	H1,MES
chr6	143208500	143208500	H1,MES,TRO,AD,H1MSC,GA,LG,LV,PA,SG,TH	MFL
chr6	146797900	146797400	LV,SG	NPC
chr6	150353500	150353500	MSC,LV	TH
chr6	150781900	150782100	H1,MSC,IMR90,LG,LV	AO
chr6	152493000	152493300	TRO,IMR90,DUO,H1MSC,LG,LV,SB	OV
chr6	155583000	155582600	AO,H1MSC,GA,LV,SV	ITL
chr6	161780500	161780400	TRO,IMR90,AD,LV,PO	AC,ITL
chr6	164178800	164179000	H1,NPC,IMR90,AD,LV	HIP,AC,CG,ITL
chr6	164426700	164427100	MES,NPC,TRO,DUO,H1MSC,GA,LG,LV,PA,SB,SX	HIP,AC,CG
chr6	164492100	164492500	MES,NPC,LV,PO,RA	HIP,CG,ITL
chr6	165986800	165987000	MSC,IMR90,LV,SV	AC
chr6	167684600	167684800	LG,LV,SB	HIP,AC,CG,MFL,TH
chr6	167895000	167895400	MES,TRO,GA,LG,LIV,LV,PA,RA,SV,SG,SX	H1MSC
chr6	168276800	168276800	H1,NPC,TRO,MSC,IMR90,GA,LG,LV,OV,PA,SG	AC
chr7	2876900	2876826	H1,MES,TRO,IMR90,AO,GA,LG,LV,SB,TH	OV
chr7	5403500	5403200	TRO,IMR90,AO,AC,CG,MFL,GA,LV,OV,PA	LIV,SB,SG,TH
chr7	8440600	8440325	TRO,MSC,H1MSC,GA,LG,LIV,LV,OV,SG	H1,AD,HIP,AC,CG,ITL
chr7	8450000	8449525	TRO,MSC,GA,LG,LV,PA,SB,SG	H1,NPC,HIP,AC,CG,ITL,MFL
chr7	19779500	19779000	TRO,AD,H1MSC,LG,LV,OV,SG	H1,NPC,HIP,AC,CG,ITL,MFL
chr7	22556300	22556300	H1MSC,LG,LV	H1,NPC
chr7	23480600	23480800	LG,LV	H1,MES,NPC,TRO,IMR90
chr7	26383100	26382600	LV	H1,MES,NPC,TRO,AD,CG,ITL,MFL,GA,LIV,PA,RA,SB,SG,TH
chr7	27148400	27148500	LV,SV	IMR90,AD,AO,H1MSC,GA,LG,PA,PO,RA,SB,SG
chr7	27166900	27167300	H1,TRO,LG,LV	AD,HIP,CG,DUO,H1MSC,GA,LIV,PA,PO,RA,SB,SG,TH
chr7	27171300	27171200	MES,TRO,GA,LV	AD,LG,PO,SB,SG,TH
chr7	27179200	27178825	TRO,LV	OV,PO,SG,TH
chr7	27192200	27192200	H1MSC,LG,LV,SV	SB
chr7	27199300	27199000	TRO,H1MSC,LG,LV	SB
chr7	27206900	27206400	LV	GA
chr7	27211900	27211600	TRO,MSC,GA,LG,LV,OV,PA,PO,SX	SB
chr7	29815800	29815900	MFL,LV,PO	AC,OV
chr7	31342800	31342700	H1MSC,GA,LG,LV	LIV
chr7	43119500	43119600	LG,LV	H1,NPC,HIP,AC,CG,OV,PO
chr7	44327600	44327800	AO,LV,PA,PO,SV	AC
chr7	44681500	44681300	LV	MSC
chr7	47386800	47386700	H1,MES,NPC,TRO,MSC,IMR90,AO,H1MSC,GA,LG,LV,OV,PO,RA,SV,SB	SG
chr7	51506700	51507000	MES,NPC,GA,LV,SV	AC,CG,ITL,MFL
chr7	55475200	55475500	IMR90,GA,LV,PA,SV,SG	TH
chr7	64372200	64372300	LG,LV	H1,MES,NPC
chr7	65202500	65202800	AD,GA,LG,LV,SB,SG,TH	ITL,MFL,DUO
chr7	71440100	71439600	TRO,GA,LV	H1,MES,NPC,AD,HIP,AC,CG,ITL,MFL,PA,TH
chr7	72787600	72787800	H1,MES,TRO,AD,H1MSC,GA,LG,LV,PA,PO,SB,TH	SG
chr7	73588100	73588300	GA,LV,RA,SV	MSC
chr7	75669600	75669700	TRO,IMR90,AD,GA,LV	HIP,AC,CG,ITL,MFL
chr7	86112100	86111700	TRO,LG,LV,PA	H1,MES,NPC,AD,HIP,AC,CG,ITL,MFL,DUO,RA
chr7	88226700	88226900	MSC,LV	H1,NPC,HIP,AC,CG,ITL,MFL,DUO,GA,PA,RA
chr7	91892200	91892000	LV	ITL,DUO
chr7	96470800	96470300	LIV,LV,PO	AC
chr7	96474300	96473800	MSC,LG,LV,SB	H1,MES,NPC,TRO,HIP,AC,ITL,MFL,OV,PO,RA
chr7	97200600	97200300	TRO,MSC,H1MSC,LG,LV,PO,SB	H1,MES,NPC,HIP,AC,CG,MFL,DUO,SG
chr7	97681000	97681500	IMR90,AO,GA,LV	PA
chr7	99613300	99613200	AO,LV	H1,MES,NPC,IMR90,CG,ITL,TH
chr7	100068700	100069200	MSC,LV	H1,HIP,CG,ITL,MFL,TH
chr7	100396300	100396400	MSC,H1MSC,LG,LV,SV,TH	H1,MES,NPC,PA,SB,SG
chr7	100610300	100609800	TRO,MSC,H1MSC,GA,LV,PA	H1,NPC
chr7	103756900	103756800	TRO,H1MSC,GA,LG,LV	H1,NPC,HIP,AC,CG,ITL,MFL
chr7	105009400	105009300	LV,SB	AC,CG,ITL,MFL
chr7	116448200	116448000	H1,MES,NPC,TRO,MSC,AD,LIV,LV	AO,HIP,AC,CG,ITL,MFL,DUO
chr7	121728100	121727600	TRO,AD,H1MSC,GA,LG,LV,OV,SG	H1,NPC
chr7	121732500	121732700	TRO,H1MSC,LG,LV,SB	H1,MES,NPC,AC,DUO,LIV,PO,RA
chr7	127699100	127699000	H1,LG,LV,SG	AC,CG,ITL,MFL
chr7	129209800	129209400	LV	H1,GA,PA
chr7	129807800	129808100	MES,NPC,TRO,MSC,IMR90,AO,H1MSC,GA,LG,LV,OV,RA	PA
chr7	133768200	133768000	MES,TRO,MSC,AD,H1MSC,GA,LG,LV,SB,SG	AC,CG
chr7	137900100	137900100	TRO,H1MSC,GA,LG,LV	DUO
chr7	138430300	138430200	AD,H1MSC,LG,LV,OV,SB,SG	TH
chr7	138918400	138918000	LV	MSC
chr7	140858500	140858369	NPC,TRO,LG,LV	AC
chr7	142816000	142815722	NPC,MSC,IMR90,LG,LV,OV	H1,MES,TRO,H1MSC,GA,LIV,PA,SB,SG
chr7	147667900	147667800	AD,LV	H1,MES,NPC,TRO,HIP,AC,CG,ITL,MFL
chr7	150342200	150342200	AO,GA,LV,SB	CG,TH
chr7	150605000	150605400	TRO,AO,LG,LV,SB	AD,HIP,AC,CG,ITL,MFL,OV,PA
chr7	153215600	153215533	TRO,GA,LV	H1,MES,NPC,HIP,AC,CG,ITL,MFL,DUO,PO
chr7	154628300	154628500	H1,TRO,MSC,IMR90,GA,LG,LIV,LV,PA,SB,SG	AC,DUO
chr7	154637000	154637300	TRO,IMR90,LG,LV,SB	LIV,PA
chr7	154675400	154675900	IMR90,GA,LV,PO	LIV,PA
chr7	154867700	154867600	H1,MES,TRO,AO,GA,LG,LV,PO,SB,SG	HIP,AC,CG,ITL
chr8	1000300	1e+06	H1,MES,TRO,LV	AC,MFL
chr8	2062600	2062907	MES,TRO,MSC,GA,LG,LV,SB	HIP,AC,CG,ITL
chr8	4837400	4837300	TRO,LV,PA,PO	H1,NPC,HIP,AC,CG,ITL,MFL
chr8	4839800	4839700	AO,LV	H1,MES,NPC,HIP,AC,CG,ITL,MFL,H1MSC
chr8	6723100	6722600	TRO,GA,LIV,LV,SG	PA
chr8	8241800	8241800	TRO,IMR90,DUO,GA,LG,LV,OV,PO,SG,SX	TH
chr8	9798600	9798400	TRO,LG,LV,PA	H1,MES,NPC,HIP,AC,CG,ITL,MFL
chr8	12874700	12874500	H1,MES,IMR90,LG,LV,SB	AC
chr8	15139600	15139500	LV,SB	H1,MES,NPC,IMR90,HIP,AC,CG,ITL,MFL,DUO,OV,PA,RA
chr8	22145600	22145300	MES,TRO,MSC,IMR90,GA,LV,PO,SV,SG	NPC,AD,HIP,AC,CG,ITL,MFL
chr8	23620500	23620400	NPC,MSC,H1MSC,GA,LG,LIV,LV,OV,PA,PO,SB,SG	TRO
chr8	24827000	24827500	LV	H1,MES,NPC,AD,HIP,AC,CG,ITL,MFL,DUO,GA,PA,RA
chr8	24855300	24855800	MSC,LG,LV	H1
chr8	26104600	26104200	H1,TRO,MSC,LV	HIP,AC,CG,ITL
chr8	28232000	28232200	MES,NPC,H1MSC,LG,LV,OV,SB	HIP,AC,CG,ITL,MFL
chr8	29443400	29443500	H1,MES,NPC,TRO,MSC,IMR90,AD,H1MSC,LG,LIV,LV	DUO
chr8	30889800	30889400	LG,LV	H1,MES,NPC,AD,HIP,AC,CG,ITL,MFL,DUO,GA,OV,PO,SX
chr8	35213300	35213100	LG,LV	H1,MES,NPC,TRO,HIP,AC,CG,ITL,MFL,DUO,SG
chr8	38530600	38530800	NPC,MSC,HIP,H1MSC,LG,LV,SB,SG	H1
chr8	41623300	41623300	TRO,MSC,H1MSC,GA,LG,LV	H1
chr8	41874000	41873900	TRO,H1MSC,LG,LV	H1,MES,MFL
chr8	43214700	43215000	H1,NPC,TRO,AD,HIP,ITL,H1MSC,GA,LIV,LV,OV,PA,PO,RA,SV,SB,SG,SX,TH	MSC
chr8	49811000	49810600	TRO,LV	HIP,AC,CG,OV
chr8	49839600	49839900	H1,IMR90,AD,AO,H1MSC,GA,LG,LV,OV,PO,SB,SG,SX	PA
chr8	50986000	50985800	TRO,GA,LV,PA	H1,NPC,HIP,AC,CG,ITL,MFL,LIV
chr8	54015800	54016000	MSC,LG,LV,SB	H1,MES,NPC,TRO,AC,CG,ITL,MFL,DUO,H1MSC,GA,LIV,PO
chr8	55302200	55302600	LV	MES
chr8	55457700	55457300	H1,MES,NPC,IMR90,H1MSC,LG,LV,SB,SX	ITL
chr8	56177454	56177700	LV	H1,MES,NPC,TRO,AC,CG,ITL,MFL,DUO,PA
chr8	59221100	59220900	NPC,LG,LV,SB	HIP,AC,CG,ITL,MFL
chr8	61488600	61488300	H1,NPC,TRO,IMR90,H1MSC,GA,LG,LV	HIP,AC,CG,ITL,MFL
chr8	65452900	65453300	TRO,GA,LG,LV,SG	H1,MES,NPC,HIP,AC,CG,ITL,MFL
chr8	72632100	72631700	MSC,GA,LIV,LV,PA,SG	H1,MES,NPC
chr8	73080200	73080000	TRO,LG,LV	PA
chr8	75067100	75066800	H1MSC,LV,SB	IMR90,HIP,CG,DUO,OV
chr8	75369300	75369100	H1MSC,LV,PO,TH	MSC
chr8	77747900	77748200	TRO,LG,LV,OV,SB,SX	IMR90,AD,HIP,AC,CG,ITL,MFL,DUO,LIV,PO,RA
chr8	81969100	81969000	H1,TRO,LV	AC,CG,ITL
chr8	91164300	91163800	TRO,LIV,LV	MES,HIP,AC
chr8	95073300	95073300	MSC,H1MSC,LG,LV,SB,SX	AC,CG
chr8	96512500	96512900	H1,MES,NPC,LV,PA,PO,SX	AC
chr8	99508900	99508700	TRO,LG,LV	AD,CG,ITL,MFL,GA,OV,PA
chr8	101591800	101591900	H1,MES,TRO,MSC,IMR90,AD,CG,H1MSC,LG,LV,SV,TH	AC,ITL
chr8	102190700	102190900	H1,MES,MSC,IMR90,H1MSC,GA,LG,LV,PA,SB,SG	AC,CG,ITL,MFL,TH
chr8	103610500	103610300	H1,MES,TRO,LV,SB	AC,CG,ITL,MFL,DUO
chr8	105305300	105305276	LG,LV	H1,MES,NPC,TRO,AD,HIP,AC,CG,ITL,MFL,DUO,LIV
chr8	110773400	110773100	MSC,LV,SB	HIP,AC,CG,ITL,MFL,DUO
chr8	111056300	111056500	TRO,LV	H1,MES,NPC,HIP,AC,CG,ITL,MFL,PA,RA,SB,SG
chr8	126470600	126470400	NPC,LG,LV,PO,SV,SB,SG	HIP,AC,CG
chr8	134570800	134571000	AD,AO,CG,ITL,H1MSC,GA,LG,LV,OV,PA,RA,SV	LIV
chr8	141878800	141878900	IMR90,LV,RA,SB	HIP,CG,ITL
chr8	143829400	143829800	AO,LV	H1MSC
chr8	143864200	143864400	TRO,ITL,LV,SV	H1MSC
chr8	144313175	144313100	GA,LV	H1,HIP,MFL
chr8	144925800	144925600	LG,LV	H1,MES,TRO,H1MSC,GA,PA,SB,SG
chr9	967200	967000	LV	H1,NPC
chr9	3171800	3171600	LG,LV,OV	AC
chr9	13559400	13559000	LG,LV,OV,SB	HIP,AC,CG,ITL,MFL
chr9	13578200	13578100	MSC,AD,LV,PO,SV	HIP,AC,ITL
chr9	17897100	17897100	TRO,LV	H1,MES,NPC,ITL,DUO,GA,OV,RA,SB,SG
chr9	19455200	19455000	MSC,IMR90,AO,LG,LV	CG,ITL
chr9	21550200	21549800	LG,LV	H1,MES,NPC,TRO,IMR90,AD,HIP,CG,ITL,MFL,DUO,H1MSC,GA,LIV,PA,PO,RA,SB,SG,TH
chr9	21965300	21965100	LG,LV,SB	MES,IMR90,AD,GA,LIV,PA,PO,RA,TH
chr9	23841500	23841200	LV	H1,MES,NPC,TRO,HIP,CG,ITL,MFL,DUO,PO
chr9	29203100	29203500	LG,LV,SB	MES,NPC,TRO,AD,AC,CG,DUO,H1MSC,GA,PA
chr9	32773900	32773500	GA,LG,LV,PA,SV	H1,MES,NPC
chr9	73251800	73251600	LG,LV	H1,MES,NPC,AC,ITL,MFL
chr9	73954900	73954400	TRO,LV	ITL,MFL,LIV,SG
chr9	80243800	80244300	MES,TRO,IMR90,AD,AO,H1MSC,LV	AC
chr9	86145100	86145000	H1,TRO,LV,PO,SV	PA
chr9	88953400	88953420	H1,MES,TRO,MSC,IMR90,AD,DUO,H1MSC,GA,LG,LIV,LV,SB,SG	CG,ITL,MFL
chr9	92920800	92920800	H1,MES,TRO,MSC,AO,H1MSC,GA,LV,SB,SX,TH	HIP,AC,CG,ITL,DUO
chr9	95148800	95148700	MSC,LG,LV	H1,MES,HIP,AC,CG,ITL,MFL
chr9	95452200	95452200	LV,RA	MSC
chr9	97152000	97151800	LV	H1
chr9	99109800	99110000	H1,NPC,TRO,AD,H1MSC,GA,LV,PA	AC
chr9	99605600	99605900	LV	PA
chr9	106710500	106710100	MSC,IMR90,AD,ITL,DUO,H1MSC,GA,LV,OV,PA,SV,SG	LIV
chr9	111951200	111951100	MSC,IMR90,AC,CG,MFL,DUO,LV,SB,SX	TH
chr9	114693000	114692900	TRO,AO,LV,SG	CG,LG
chr9	125819900	125820200	MSC,H1MSC,LG,LV,SB,SG	MES,NPC,AD,HIP,CG,ITL,MFL,LIV,RA
chr9	126306200	126306700	MSC,H1MSC,LG,LV,SV	AD,OV
chr9	128138700	128138700	AD,AC,CG,DUO,LV,PO,SV	LIV
chr9	129557100	129557200	MSC,GA,LG,LV	H1,MES,NPC,HIP,AC,CG,ITL,MFL
chr9	129952700	129953100	H1,TRO,AO,LV,PO,SB,SG	H1MSC
chr9	130718700	130718300	TRO,IMR90,AD,AO,HIP,AC,CG,ITL,MFL,H1MSC,GA,LG,LV,OV,PO,SB,SG	LIV,PA
chr9	131011100	131011300	TRO,H1MSC,LG,LV,TH	H1
chr9	131060800	131060900	H1,NPC,TRO,AO,H1MSC,GA,LIV,LV,PA,SG	AC,CG,ITL,MFL
chr9	131399600	131399500	AO,AC,LIV,LV,SV,SB,TH	H1,MES,NPC,OV
chr9	131555000	131554700	H1,MES,NPC,TRO,MSC,AO,LV,PO,TH	H1MSC
chr9	132299221	132298800	TRO,LV	LIV
chr9	132646200	132646300	MSC,AD,GA,LG,LV,PO,SG,SX	OV
chr9	132977300	132977200	H1,NPC,AO,AC,CG,MFL,LV,SV	MSC
chr9	133122400	133121900	TRO,MSC,IMR90,AD,AO,HIP,AC,CG,ITL,MFL,H1MSC,GA,LG,LIV,LV,PA,PO,SV,SG	TH
chr9	133410900	133411300	TRO,LV	GA,LIV,PA
chr9	135284200	135284200	TRO,MSC,LV	H1,MES
chr9	135557800	135557921	H1,MES,NPC,IMR90,H1MSC,GA,LG,LIV,LV,PA,SB,SG	TH
chr9	135593400	135593200	H1,MES,TRO,MSC,LG,LV,PO,TH	LIV,OV,PA
chr9	139232800	139232700	MES,IMR90,AO,LV,RA,SV	H1MSC,GA,PA,SG
chr9	139626900	139627300	H1,MES,TRO,IMR90,AD,DUO,GA,LV,PO,SV,SG,TH	H1MSC
chr9	139892600	139892700	TRO,H1MSC,LV,SB	H1,MES,AD,AC,CG,ITL,MFL,PA
chr9	140037800	140038100	LV	H1,NPC
chr10	3504900	3504500	NPC,TRO,MSC,IMR90,MFL,DUO,H1MSC,GA,LG,LV,PA,PO,SB,SG,SX,TH	AC
chr10	3861600	3861200	H1,MSC,GA,LG,LIV,LV,SB,SG	HIP,AC,CG,ITL,DUO,PO
chr10	8414600	8414500	TRO,LV,SX	TH
chr10	13522200	13522300	MSC,IMR90,LV,SG	HIP,AC,MFL
chr10	14412500	14412500	H1,MES,TRO,IMR90,LV,OV	HIP,AC,CG,ITL,MFL
chr10	22806000	22805500	TRO,H1MSC,LG,LV	H1,MES,NPC,HIP,AC,CG,ITL,MFL,DUO,GA,PO,RA,SG
chr10	38817406	38817400	ITL,LIV,LV,PO,SB,TH	DUO
chr10	38857900	38858000	CG,MFL,GA,LIV,LV,PA,RA,SB,SG,SX,TH	DUO
chr10	41678400	41678600	TRO,MSC,AD,LIV,LV,OV,PA,PO,RA,SG,TH	HIP,AC,CG,ITL,DUO
chr10	41685200	41685106	MES,NPC,TRO,MSC,IMR90,AD,AC,ITL,MFL,H1MSC,GA,LG,LIV,LV,OV,PA,PO,RA,SG,TH	DUO
chr10	42115000	42114500	CG,LV,PA,RA	DUO
chr10	43138300	43138600	LG,LV,SB,SG	HIP,AC,CG,ITL,MFL
chr10	60606600	60606906	LG,LV,SB	NPC,TRO,AD,HIP,AC,CG,ITL,MFL,DUO,GA,LIV,OV,PA,PO
chr10	71060200	71060300	LV	H1,MSC,MFL,PA
chr10	71713900	71713800	GA,LV,PA	AC
chr10	71753800	71753400	MSC,LV,SV,SG	LIV
chr10	71885800	71886000	H1,TRO,LV	H1MSC
chr10	83626300	83625880	H1MSC,LV	H1,MES,NPC,HIP,AC,CG,MFL,LG,LIV,PA,RA
chr10	95317400	95316900	TRO,MSC,LG,LV	HIP,AC,CG,ITL,MFL,SB,SG
chr10	98124990	98125100	H1,MES,TRO,MSC,IMR90,AO,LG,LV,PO,SG	AC,CG,ITL,MFL
chr10	98935990	98935490	TRO,MSC,AO,LG,LV	H1,HIP,AC,CG,ITL,MFL,TH
chr10	99334900	99335000	H1,TRO,MSC,IMR90,AD,H1MSC,GA,LV,PO,RA	LIV
chr10	99538900	99538400	H1MSC,GA,LG,LV,OV,SB,SG	PA
chr10	101663900	101663700	TRO,IMR90,GA,LV,PO,SB,SG	H1,NPC
chr10	102405200	102405190	TRO,H1MSC,GA,LV,SG	H1,MES
chr10	103976100	103976300	MES,MSC,IMR90,AD,AO,GA,LG,LV,PA,SB,SG	AC,ITL,MFL
chr10	105027290	105027600	AD,LG,LV,PO	H1,MES,NPC,MSC,HIP,AC,CG,ITL,MFL
chr10	105442500	105442890	TRO,LG,LV,SV	H1,NPC,HIP,AC,CG,ITL,MFL,OV,SB
chr10	106103900	106103600	TRO,AD,AO,LG,LV,SB	HIP,AC,CG,ITL,MFL,DUO
chr10	110661900	110662100	LV	OV
chr10	112483500	112483400	LV	AO,PO
chr10	114809700	114810100	NPC,TRO,MSC,IMR90,LG,LIV,LV,SB,SG,TH	ITL
chr10	118883500	118883700	H1MSC,LV	AC
chr10	118887900	118887400	LG,LV	MES,NPC,AD,HIP,AC,CG,ITL,MFL,DUO,GA,PA,PO,RA
chr10	118912800	118912700	TRO,MSC,LG,LV,SG	MES,AC
chr10	118924700	118925200	TRO,IMR90,LV	NPC,HIP,AC,CG,ITL,MFL,DUO,LIV
chr10	118966800	118966700	AO,LG,LV	NPC,MSC,HIP,CG,MFL,OV
chr10	118991200	118990800	LG,LV	H1,MES,NPC,OV,TH
chr10	119294200	119293900	TRO,MSC,LG,LV	NPC,AD,HIP,AC,CG,ITL,MFL,DUO,H1MSC,GA,LIV,OV,PA,PO,RA
chr10	120345100	120345200	MES,TRO,MSC,AO,H1MSC,GA,LG,LIV,LV,OV,PA,PO	ITL,MFL
chr10	122729700	122729200	TRO,MSC,GA,LV	CG,ITL
chr10	123769300	123768900	H1,MES,NPC,TRO,LG,LIV,LV,PA	H1MSC,GA,PO,SG
chr10	123913900	123913700	LV,PO,SB	H1,MES,NPC,MSC,IMR90,HIP,AC,CG,ITL,MFL,OV
chr10	126702400	126702700	IMR90,AD,GA,LG,LIV,LV,OV,PA,PO,SV,SB,SG	CG,ITL
chr10	129426000	129425500	TRO,AO,LG,LV,PA	H1,H1MSC
chr10	131659800	131660200	H1MSC,LV	PO,RA
chr10	133000100	1.33e+08	LG,LV	H1,MES,NPC,TRO,AD,ITL,MFL,OV
chr10	133686800	133687300	H1,IMR90,LV	ITL,MFL
chr10	134064300	134064000	H1,LG,LV,PO,SV,TH	H1MSC
chr10	134270590	134270700	IMR90,AD,CG,MFL,GA,LG,LV,PA,PO,SV	AC
chr10	135012900	135013100	AO,GA,LV,SV,SB	MSC
chr11	670600	671100	AD,GA,LV,RA	MSC
chr11	697300	696800	CG,LV	H1,MES,TRO,IMR90,DUO,H1MSC,GA,LIV,OV,PA,SB,SG
chr11	780100	779800	NPC,IMR90,LIV,LV,PA	HIP,AC,CG,ITL,MFL
chr11	1671700	1671700	H1,NPC,TRO,IMR90,AD,AO,GA,LG,LIV,LV,PO,SV	HIP,AC,CG,ITL
chr11	8184800	8184776	H1,NPC,AD,GA,LG,LV,PA,TH	CG,ITL
chr11	8772900	8772700	AD,DUO,GA,LG,LV,OV,PA,PO,SB,SG,SX	LIV
chr11	10435100	10434800	MES,NPC,TRO,MSC,LG,LV,PA	IMR90,HIP,DUO,H1MSC,PO,TH
chr11	14359300	14359500	LV	AC,ITL,LIV,OV
chr11	20648600	20648100	TRO,MSC,LG,LIV,LV	H1,MES,NPC,HIP,AC,CG,ITL,MFL,DUO,PO
chr11	24475600	24475400	LV	H1,MES,NPC,IMR90,AD,HIP,AC,CG,ITL,MFL,DUO,SV
chr11	31783300	31783000	TRO,LG,LIV,LV,SV,SB	NPC
chr11	32417600	32417900	TRO,MSC,GA,LV,PA	OV
chr11	43247100	43246600	H1,MES,AD,LV,OV,SB,SG	HIP
chr11	43526300	43526000	MSC,H1MSC,LG,LV,SG	OV
chr11	44295000	44295000	TRO,LG,LV,SB	PO
chr11	46697700	46698100	AO,GA,LV,PA,RA,SG	LIV
chr11	57006876	57007200	TRO,AO,H1MSC,GA,LG,LV	H1
chr11	57024076	57023876	H1,MES,NPC,TRO,IMR90,AD,H1MSC,GA,LG,LV	ITL,MFL
chr11	58099200	58099500	MSC,AD,AC,LIV,LV	TH
chr11	61500600	61500900	IMR90,AO,CG,ITL,MFL,GA,LG,LV,SV,SB,SG	LIV,PA
chr11	63816176	63816300	TRO,LG,LV	HIP,AC,CG,ITL,MFL,PO
chr11	63973000	63973400	H1,MES,NPC,TRO,MSC,IMR90,H1MSC,GA,LG,LV,SV,SB,SG	HIP,AC,CG,ITL,MFL,DUO
chr11	64162200	64162500	TRO,AO,LV,SG	HIP,CG,ITL,MFL
chr11	68209200	68208800	MSC,LG,LV	H1,MES
chr11	70092500	70092100	H1,MES,TRO,GA,LG,LV,SV,SB,SG	DUO,OV
chr11	73036200	73036600	MSC,AO,LG,LV,SB,TH	H1,HIP,AC,CG,ITL,MFL
chr11	73397200	73396800	LV,RA,TH	PO
chr11	73700500	73700400	TRO,LG,LV	IMR90
chr11	75711300	75710800	TRO,LV,SG	PA
chr11	76517000	76516648	H1,MES,TRO,MSC,IMR90,AO,H1MSC,GA,LG,LV,SB,SG,TH	AC,CG,ITL,LIV,PA
chr11	93771800	93772100	LV	MFL
chr11	95680500	95680400	H1,MES,NPC,TRO,MSC,AD,H1MSC,LG,LIV,LV,PA,SB,SG,SX,TH	HIP,AC,CG
chr11	112851200	112851010	MSC,AD,AO,GA,LG,LV,PA,SG	H1,AC
chr11	115569800	115569800	MSC,LV,SB	NPC,AC,CG,ITL,MFL,DUO,OV
chr11	116211900	116212000	TRO,MSC,IMR90,AD,AO,H1MSC,GA,LG,LV,SV,SB,SG	AC,ITL,MFL,LIV,TH
chr11	116911600	116911600	LV,OV,RA,SV	HIP
chr11	117172800	117172800	TRO,LG,LV	H1,HIP,AC,CG,ITL,MFL,PA,SG
chr11	117715000	117715400	H1MSC,GA,LV,SB,SG	TH
chr11	119941000	119941000	TRO,IMR90,LG,LV,SB	H1,NPC,AC,ITL,MFL,OV
chr11	121741800	121742100	LV,OV,PO	IMR90,AO,RA
chr11	122353700	122353200	TRO,MSC,HIP,GA,LG,LIV,LV,OV	H1
chr11	123452400	123452600	LV,SB	HIP,AC,CG,ITL,MFL
chr11	124241400	124241000	NPC,MSC,LV	HIP,MFL
chr11	125786200	125785900	IMR90,AD,HIP,AC,CG,ITL,GA,LG,LV,OV,RA,SV	SG
chr11	126301500	126301400	IMR90,LV	ITL
chr11	129535600	129535700	MSC,LV,OV	H1,MES,DUO,H1MSC,GA,LIV,PA,SB,SG,SX
chr11	131502100	131501900	H1,NPC,MSC,IMR90,H1MSC,LG,LV,SB	AC,DUO
chr11	132319000	132319100	LG,LV	H1,MES,NPC,HIP,AC,CG,ITL,MFL
chr11	132907700	132907600	MES,TRO,GA,LV,SV	H1,HIP,AC,CG,ITL,MFL
chr11	133651800	133651300	TRO,MSC,LG,LV	H1,MES,NPC,AD,HIP,AC,CG,MFL,DUO,GA,TH
chr12	642700	642500	H1MSC,GA,LG,LIV,LV,OV,SX	HIP,AC,CG,ITL,MFL
chr12	2014900	2014700	H1,TRO,MSC,IMR90,AO,LV,SV,SB,SX	HIP,AC,CG,ITL,MFL
chr12	2763700	2763800	IMR90,H1MSC,LV	AC,ITL,MFL
chr12	2814300	2814300	MES,MSC,IMR90,AO,GA,LV,PA	AC,ITL
chr12	3345600	3345500	H1MSC,LV,SV,SB	H1,NPC,AC,PA
chr12	11545000	11545200	H1,IMR90,AD,AO,GA,LV,PA	HIP,AC,CG,ITL,MFL
chr12	14025800	14025900	TRO,MSC,H1MSC,LG,LV	H1,MES,NPC,HIP,AC,CG,ITL,MFL,DUO,GA,OV
chr12	28019100	28019600	TRO,MSC,LG,LV,PO,SG	H1MSC,GA
chr12	31414500	31414600	H1,MES,NPC,TRO,IMR90,H1MSC,LG,LV,SB,SG,TH	AO
chr12	39869500	39869600	TRO,MSC,LV	H1,NPC,AO,HIP,AC,CG,ITL,MFL,DUO,GA,OV,RA
chr12	42231900	42232067	GA,LV	H1,MES,NPC,TRO
chr12	50544800	50544500	TRO,GA,LG,LV	H1,AC,ITL,MFL
chr12	50913500	50913700	MSC,LV,OV	H1,TRO,H1MSC,PA
chr12	52105500	52105800	MES,TRO,AO,LV,PA,SV	OV
chr12	52376200	52376600	TRO,MSC,IMR90,LG,LV,SB	HIP,AC,CG,ITL,MFL,GA,RA
chr12	52419467	52419767	TRO,MSC,GA,LG,LIV,LV,PA,PO,SG	H1
chr12	52619500	52619200	MSC,AD,AO,GA,LG,LV	TRO,PO
chr12	52680500	52680300	LG,LV	AD,H1MSC,OV,PA,PO
chr12	52686300	52686467	H1,IMR90,AD,LV,SV	PO
chr12	52689800	52689500	LV,SB	OV,PO
chr12	52727300	52727100	LG,LV,SB	H1MSC
chr12	52898000	52897700	TRO,MSC,LG,LV,PA,SG	HIP,AC,CG,ITL,MFL,DUO
chr12	54701500	54701867	MES,TRO,AO,H1MSC,GA,LG,LV,SV,SB,SG	NPC,MFL,DUO,OV
chr12	56517400	56517500	H1,MES,NPC,MSC,AD,H1MSC,GA,LG,LIV,LV,PA,SV,SG,TH	OV
chr12	60872700	60872200	MSC,LG,LV	H1,MES,NPC,AD,AO,HIP,AC,ITL,MFL,GA,OV,PA,RA,TH
chr12	64409800	64409500	LG,LV	H1
chr12	64562500	64562267	H1,MES,NPC,TRO,MSC,H1MSC,LG,LV,SX	OV,PA
chr12	77782600	77782500	LV	H1,MES,NPC,TRO,IMR90,HIP,AC,CG,ITL,MFL,DUO,OV,PA,RA
chr12	84198300	84198700	LG,LV,SB	H1,MES,NPC,TRO,HIP,AC,ITL,DUO,PO,RA,SG
chr12	90953800	90953331	H1,TRO,MSC,IMR90,ITL,H1MSC,LG,LV,SB,SX	TH
chr12	91281700	91281700	TRO,IMR90,H1MSC,LG,LV,SB,SG	HIP
chr12	94303600	94303600	IMR90,H1MSC,LV	MFL
chr12	97664300	97663900	LV	HIP,MFL
chr12	97813000	97812800	LV	H1,MES,NPC,AD,AC,CG,ITL,MFL,PA,PO
chr12	101835300	101835700	H1,LV	LIV
chr12	105505130	105504630	TRO,MSC,GA,LG,LV	H1,MES,NPC,HIP,AC,CG,ITL
chr12	107943200	107943000	H1,IMR90,AD,GA,LV,SG	AC,ITL,MFL
chr12	108056500	108056300	H1,IMR90,AD,H1MSC,LG,LV,SG	LIV
chr12	112075700	112075500	TRO,LG,LV	ITL
chr12	112394500	112394000	LV	H1,NPC
chr12	113588100	113587600	LV,PA,PO	MES
chr12	113620300	113620500	NPC,LV,PO	MES
chr12	115631700	115631600	H1,IMR90,AD,H1MSC,GA,LV,OV,PA,PO,SV,TH	AC,ITL,MFL
chr12	116283300	116283300	AO,LV	H1,MES,AC,H1MSC,PO
chr12	117696800	117696600	NPC,LV	CG,ITL
chr12	118076200	118076200	LV,PA,PO	H1,MES,NPC
chr12	118726700	118726200	MES,TRO,GA,LV,PA	HIP,CG,ITL,MFL,DUO
chr12	120840800	120841183	IMR90,AO,GA,LG,LV,SB,TH	AC,ITL,MFL
chr12	125242100	125241953	AO,LG,LV	H1,CG,MFL,PA
chr12	129827100	129827100	TRO,MSC,IMR90,AD,H1MSC,GA,LG,LV,PA	MFL
chr12	131864100	131864000	GA,LV,OV,PA,RA	MSC
chr13	28969200	28968700	MES,NPC,MSC,IMR90,AO,H1MSC,GA,LV,OV,PO,SV,SG,TH	PA
chr13	42046800	42046900	LG,LV,SB	H1,MES,LIV,SG
chr13	45087800	45088000	TRO,LV	AC
chr13	49985101	49985200	TRO,AD,H1MSC,GA,LG,LV,OV,PA,SG,SX	ITL
chr13	51317500	51317500	H1,MES,IMR90,LV	AC
chr13	52319900	52319400	NPC,GA,LG,LV,PA,PO	TRO,HIP,AC,CG,MFL
chr13	79605200	79605700	H1,MES,NPC,TRO,MSC,LG,LV,OV,SB,SX	HIP,AC,ITL
chr13	83352100	83351900	MES,AD,H1MSC,GA,LG,LV,PO	HIP,AC,CG,ITL,MFL,DUO,PA
chr13	94153100	94153500	MES,H1MSC,GA,LG,LV,PO	H1,NPC,HIP,AC,CG,ITL,MFL
chr13	94158500	94158500	TRO,AD,LIV,LV,PA,PO,SX	H1,NPC,HIP,AC,CG,ITL,MFL
chr13	94418300	94418700	MSC,LG,LV,SB	H1,MES,NPC,HIP,AC,CG,ITL,H1MSC,GA,PO
chr13	98202500	98202800	LV,SB	LIV,PA
chr13	98465500	98465300	H1MSC,LG,LV	HIP,AC,CG,ITL,MFL
chr13	99440600	99440900	TRO,GA,LG,LV,OV,PA,SG	H1
chr13	105800000	105799600	MES,TRO,MSC,LG,LV	HIP,AC,CG,ITL
chr13	107946200	107946600	LG,LV	H1,MES,NPC,AC,CG,ITL,MFL,RA
chr13	110692000	110692500	H1,LV,PO	HIP,AC,CG,ITL
chr13	111129600	111129200	H1,TRO,LV	HIP,AC,CG,ITL,MFL,DUO
chr13	111676300	111676600	H1,NPC,CG,LV	ITL
chr13	112825100	112825500	H1,MES,AD,H1MSC,GA,LG,LV,PA,SG	LIV
chr13	112927300	112927700	LV,RA,SV	MSC
chr13	113775700	113776000	LV,PO,SB	MSC
chr14	20191700	20191700	TRO,LV	H1,MES
chr14	20201500	20201700	TRO,GA,LV	H1,NPC
chr14	20320100	20319900	MES,NPC,GA,LG,LV,SX	DUO
chr14	21074700	21074600	MSC,LV,SB	H1,MES,NPC,HIP,AC,CG,DUO
chr14	22021200	22021100	MES,LV,PO	TH
chr14	22023900	22023400	MES,GA,LV,OV	TH
chr14	22036140	22036600	H1MSC,LV,RA,SB	TH
chr14	22040900	22040800	MES,TRO,H1MSC,LV,SB,SG	TH
chr14	22096300	22096100	H1,MES,TRO,MSC,IMR90,GA,LG,LIV,LV,PA,SG	TH
chr14	22693200	22693400	H1,NPC,TRO,AD,AC,LG,LIV,LV,PA,SG,TH	OV,PO
chr14	23611800	23611300	MES,GA,LIV,LV,SB,SG	AC,CG,ITL,MFL
chr14	23711600	23711200	AO,LG,LV	H1,NPC,HIP,AC,CG,ITL,MFL,TH
chr14	28324300	28324651	GA,LV	HIP,AC,CG,ITL,MFL
chr14	31972600	31972400	HIP,AC,CG,MFL,H1MSC,LV,SB,SG	AO,DUO
chr14	35811900	35811500	H1,MES,LG,LV	ITL
chr14	36187000	36187000	LIV,LV,OV	H1,MES,NPC,DUO,H1MSC,GA,PA,PO,SG
chr14	36205700	36206100	TRO,LG,LV,PA,SB	H1MSC,GA
chr14	37127600	37127200	TRO,MSC,LV	H1MSC,GA,LIV,SB,SG
chr14	51383800	51383700	H1,MES,NPC,IMR90,AD,H1MSC,GA,LG,LV,SB,SG	TH
chr14	56335200	56334800	NPC,TRO,H1MSC,LG,LV	H1,MES
chr14	57402800	57402400	LIV,LV	MFL
chr14	60022800	60022400	GA,LV	H1,MES,NPC,IMR90,PO
chr14	60174500	60174400	TRO,IMR90,H1MSC,GA,LG,LV,SB,TH	PO
chr14	61654400	61654053	LG,LV	NPC,IMR90,HIP,AC,CG,ITL,MFL
chr14	62582400	62582300	AD,LG,LV,SB	H1,MES,NPC,HIP,AC,CG,ITL,MFL
chr14	69021400	69021000	TRO,LG,LV	H1,NPC,MFL,GA,RA
chr14	70237900	70237900	GA,LG,LV	H1MSC
chr14	75913400	75912900	TRO,MSC,H1MSC,LG,LV	H1,MES,HIP,AC,CG,ITL,MFL,PA,PO
chr14	76677700	76677600	MSC,LG,LV	H1,MES,NPC,HIP,AC,CG,ITL,MFL,PO
chr14	76717900	76718200	LG,LV	H1,MES,NPC,HIP,AC,CG,ITL,MFL,H1MSC,PA,SG
chr14	77516700	77517200	GA,LG,LV	AC,ITL,MFL
chr14	91409100	91409000	IMR90,AD,AO,DUO,H1MSC,GA,LG,LV,PO,RA,SG	TH
chr14	92459700	92459700	MSC,GA,LG,LIV,LV,SG	H1,NPC,CG,ITL,MFL
chr14	93857300	93857400	H1MSC,GA,LV,SG	LIV
chr14	94309700	94309700	TRO,LV	MES
chr14	96129400	96129053	AD,AO,LG,LIV,LV	AC,CG,MFL,SX
chr14	96755800	96755300	LG,LV	H1,MES,NPC,HIP,AC,CG,ITL,TH
chr14	96994700	96995000	MES,TRO,LG,LV,SB,SX	AC,TH
chr14	99729400	99728953	H1,MES,NPC,TRO,MSC,AO,GA,LG,LIV,LV,SB,SG	HIP,AC,CG,ITL,MFL,PO
chr14	100123500	100123100	LV	H1,MES,NPC,AD,MFL,GA,LIV,OV,PA,SB,SG,SX
chr14	100263800	100263700	GA,LG,LV	NPC,AD
chr14	101100853	101100700	H1MSC,GA,LV	MES
chr14	102459600	102459300	H1MSC,LV	SG
chr14	102540500	102540600	HIP,CG,ITL,GA,LIV,LV,PA,RA	MSC
chr14	102631000	102630800	H1MSC,GA,LG,LV,RA,SB,TH	LIV
chr14	102725400	102725453	LV	H1
chr14	103144100	103143800	H1,MSC,IMR90,AD,GA,LIV,LV,OV,PA,SB,SG	AC,MFL
chr14	103760100	103759700	H1,MES,AO,GA,LG,LV,PA,SB,SG	AD,OV
chr14	103999300	103999200	GA,LG,LV	NPC,OV
chr14	104142100	104142100	MES,TRO,GA,LG,LV,OV,SV,SG	HIP,AC,CG,ITL,MFL
chr14	104306500	104306200	H1,MES,TRO,IMR90,AD,LV,OV,PA,PO,SV,TH	LIV
chr15	22889500	22889100	LV	DUO
chr15	23646700	23646700	NPC,TRO,MSC,H1MSC,GA,LG,LV,SB	IMR90,DUO
chr15	36209600	36210000	NPC,AD,H1MSC,LG,LV,OV,PO,SB,SX,TH	HIP,AC,CG,ITL,MFL
chr15	37252300	37252792	H1,MES,TRO,MSC,IMR90,DUO,H1MSC,LG,LIV,LV,PA,SV,SB,SG	CG,ITL
chr15	38359700	38359300	H1,MES,IMR90,AO,GA,LV	AC
chr15	38433800	38434000	H1,MES,NPC,MSC,IMR90,AD,ITL,MFL,LIV,LV,PA,PO	SG
chr15	46271100	46271192	H1,IMR90,LV	AC,CG,ITL,MFL
chr15	50004200	50004200	NPC,LV,PO	AC
chr15	50864900	50864600	AO,LV	LIV,PA
chr15	58079900	58079900	NPC,LIV,LV,PA,PO,SV	H1
chr15	62826300	62826500	AO,H1MSC,LV	SV
chr15	63465000	63464900	H1,MES,TRO,IMR90,AO,GA,LG,LV	AC
chr15	66639400	66639300	TRO,LV	HIP,AC,CG,ITL,MFL,OV
chr15	69626400	69626300	LV,PO,RA	H1MSC,GA
chr15	75075000	75075500	ITL,MFL,GA,LG,LV,OV	DUO,H1MSC,SB,TH
chr15	76420800	76420400	TRO,MSC,AO,GA,LG,LIV,LV,PA	H1,MES,NPC,SX
chr15	77363000	77362700	H1MSC,GA,LV	AC,CG,ITL,MFL
chr15	81037800	81037400	MES,NPC,TRO,AO,LV,SB	HIP,AC,CG,ITL,MFL
chr15	81146900	81146500	LV,SV	H1,NPC,TRO,H1MSC,GA,PA
chr15	83203300	83203800	LV,PO	H1MSC
chr15	83231000	83230800	AO,LV,PA,RA	LIV
chr15	86949700	86950104	TRO,MSC,AO,H1MSC,LG,LV,PA,PO,SV,SB,SG	H1,AC,CG,ITL,MFL
chr15	87706800	87706900	MSC,AD,AO,H1MSC,LG,LIV,LV,OV,PA,PO,SG	HIP,AC,CG,ITL,MFL
chr15	87712100	87712504	H1MSC,LG,LV,SG	HIP,AC,CG,ITL,MFL
chr15	87723104	87723300	TRO,MSC,AO,CG,LG,LV	RA
chr15	87840800	87840700	TRO,MSC,LG,LV,SB,SG	ITL,MFL,H1MSC,GA
chr15	94397700	94397800	TRO,LG,LV,SB	LIV
chr15	94754200	94754100	MSC,LG,LV	GA,RA
chr15	94761700	94761500	NPC,TRO,MSC,LG,LV	GA
chr15	96782700	96782400	H1,TRO,IMR90,AO,GA,LV,OV,PA,PO,SV,SG	AC
chr15	97844400	97844900	TRO,MSC,IMR90,AD,H1MSC,LG,LV,SB,SG	CG
chr15	98886800	98886300	LV,TH	H1MSC
chr16	685500	685200	TRO,MSC,AO,LV	H1,H1MSC,GA,SG,TH
chr16	690700	691200	LV,PA,SG	MFL
chr16	2080900	2081400	AO,MFL,LG,LIV,LV,PO	NPC,PA,SG
chr16	2705300	2705400	MSC,GA,LV,PA	H1MSC
chr16	3173700	3173500	AO,LV,SG	H1,MES,NPC,TRO
chr16	6010000	6010000	TRO,GA,LG,LV,PA,SG	H1,NPC,HIP,AC,CG,ITL,MFL
chr16	8960200	8959700	NPC,TRO,MSC,AD,GA,LG,LIV,LV,PO,SV,SB,SG	TH
chr16	12904600	12904100	GA,LV,SV	H1,MES,NPC,TRO,HIP,AC,CG,ITL,MFL,DUO,PA
chr16	19329600	19329501	MSC,LV	GA,LG,SB,SG
chr16	19992700	19992700	TRO,H1MSC,GA,LV,PA	H1,NPC,AC
chr16	22732900	22733100	TRO,MSC,LV	H1,MES,NPC,AO,HIP,AC,CG,ITL,MFL,DUO,GA,PO,RA
chr16	23102200	23102001	TRO,MSC,LV	H1,H1MSC,GA,LG,PA,SB,SG
chr16	23221600	23221400	TRO,AD,LV	H1,H1MSC,GA,LG,SB,SG
chr16	23631800	23631900	LV,SB	GA,SG
chr16	29930400	29930200	TRO,LG,LV	H1,MES,NPC,HIP,CG,ITL,MFL
chr16	30659600	30660000	H1,MES,IMR90,AD,DUO,LIV,LV,OV,PA,RA,SB,SG,TH	H1MSC
chr16	31448100	31448401	LG,LV	H1,OV
chr16	33201800	33201501	AD,AO,GA,LV,PA,RA,SV	SX
chr16	33773500	33773900	LIV,LV,PA,SB,SG	HIP,AC,ITL,MFL,DUO
chr16	33796101	33796200	AC,LV,TH	DUO
chr16	33857700	33857800	H1,IMR90,AO,HIP,AC,ITL,MFL,H1MSC,GA,LG,LIV,LV,PO,RA,SB,SG,TH	DUO
chr16	44985200	44985100	MES,NPC,TRO,MSC,AD,CG,ITL,H1MSC,GA,LIV,LV,OV,PA,PO,SB,SG,SX,TH	DUO
chr16	54247600	54247600	AO,LV,PA,SG	H1,NPC
chr16	54948700	54948401	H1,MES,NPC,TRO,MSC,HIP,CG,MFL,H1MSC,LG,LV	DUO,OV,TH
chr16	55260500	55260900	GA,LV,SV	LIV
chr16	65918300	65918300	LG,LV	AC,OV
chr16	66682900	66683300	H1,MSC,IMR90,HIP,DUO,LV,PO,SB	TH
chr16	67329400	67329300	LV	H1,MES,NPC,TRO,HIP,AC,CG,ITL,MFL,H1MSC,GA,LIV,OV,PA,SB,SG
chr16	70218400	70218100	LV	H1,MES,TRO,H1MSC,GA,LG,LIV,OV,PA,SB,SG
chr16	70605200	70605000	MES,GA,LG,LV,OV,PO,SB,SG,TH	LIV
chr16	71513800	71513600	TRO,IMR90,AD,GA,LV,PA,PO,SB,SG	AC
chr16	73818900	73818700	TRO,LV	PA
chr16	74086800	74086700	LV,PA	H1,NPC,HIP,AC,CG,ITL,MFL
chr16	77878900	77878800	H1MSC,GA,LG,LV,SV,SB,SG,SX,TH	ITL
chr16	82886300	82886601	H1,MES,TRO,MSC,H1MSC,GA,LV,OV,SV,SB	IMR90,AD,CG,ITL,MFL,DUO,SG
chr16	85979601	85979800	H1,MES,NPC,TRO,MSC,IMR90,AD,DUO,H1MSC,GA,LV,PA,SB,SX	AC
chr16	86132700	86132500	H1,NPC,IMR90,H1MSC,GA,LG,LIV,LV,SB	MFL
chr16	87850900	87851201	TRO,LG,LV	HIP,CG,ITL,MFL,OV
chr17	2715100	2714800	LV	PA
chr17	4336700	4336400	TRO,AO,LG,LV,SB	TH
chr17	4636500	4636300	MES,AD,H1MSC,GA,LG,LV,OV,PA,PO,SB,SG	HIP,AC,ITL
chr17	4788900	4788900	TRO,HIP,CG,ITL,H1MSC,GA,LV,PA,PO	TH
chr17	6299300	6299500	TRO,AO,LV,OV,TH	H1
chr17	6676200	6676300	GA,LG,LV,PA,SG	AC
chr17	7433300	7433700	AD,AO,LV,PA,TH	H1,MES,HIP,AC,CG,ITL,MFL,DUO,H1MSC,GA,OV
chr17	7549300	7549200	LG,LV	H1,MES,NPC,HIP,AC,CG,ITL,MFL,OV
chr17	7924325	7923900	TRO,MSC,AD,AO,LG,LV	H1,NPC,AC,TH
chr17	7983500	7983300	AD,CG,H1MSC,GA,LG,LV,PA,PO,SG	H1,NPC,MFL,TH
chr17	8055100	8055000	LV	H1,MES,NPC,TRO,IMR90,HIP,AC,CG,DUO,H1MSC,GA,SG,TH
chr17	8159900	8159800	TRO,AD,LIV,LV,PA	H1
chr17	8237400	8237500	MES,TRO,LG,LV,PA,SB,SG	H1MSC
chr17	8643800	8643400	TRO,MSC,LIV,LV	GA,PA
chr17	17425800	17426200	H1,TRO,IMR90,AD,GA,LV,OV,RA,SV	LIV
chr17	23579500	23579200	LV	H1,MES,NPC,TRO,AD,HIP,AC,CG,ITL,GA,PA
chr17	24357326	24356900	NPC,MSC,AO,H1MSC,LG,LIV,LV	HIP,AC,CG,ITL,MFL
chr17	24394400	24394400	MES,NPC,MSC,AD,HIP,AC,H1MSC,GA,LG,LV,OV,PA,RA,SV,SB,SG	LIV
chr17	24967900	24968100	LV,SV	AD,HIP,AC,CG,ITL,MFL,DUO,H1MSC,LIV,TH
chr17	30697400	30697600	LV	RA
chr17	31913400	31913100	H1,MES,NPC,TRO,MSC,IMR90,AO,LG,LV,TH	ITL,PO
chr17	32073000	32072600	LG,LV	NPC
chr17	32153700	32153200	H1,MES,AO,LG,LV,SB	HIP,AC,CG,ITL,MFL
chr17	32374200	32373700	NPC,LV	MES
chr17	33178200	33178400	TRO,H1MSC,LV	MES,GA,LG,LIV,PO
chr17	33920200	33920200	IMR90,LV,SV	NPC
chr17	34335900	34336100	H1,NPC,DUO,GA,LV,SB,SX,TH	HIP,AC,CG,ITL,MFL
chr17	34635400	34635700	LG,LV	H1,MES,NPC,HIP,ITL,MFL,DUO,OV,PO,RA
chr17	35697700	35697900	AO,LV	H1,MES,NPC,TRO,HIP,AC,CG,ITL,MFL,DUO,LIV,TH
chr17	35909700	35910200	MES,TRO,IMR90,AD,AO,LG,LV,OV,PA,PO,SV,SB,SG	H1MSC,GA
chr17	36958800	36959000	H1,MES,NPC,TRO,MSC,IMR90,AD,AO,MFL,GA,LG,LIV,LV,OV,PA,PO,SB,SG,TH	H1MSC
chr17	37144400	37144600	LG,LV	H1,NPC,HIP,AC,CG,ITL,MFL,DUO
chr17	37654326	37654600	AD,H1MSC,LG,LV,SB,SG	AC,CG
chr17	38756400	38756500	H1,MES,NPC,TRO,MSC,IMR90,AD,AO,HIP,AC,CG,MFL,H1MSC,GA,LG,LIV,LV,OV,PO,RA,SV,SB,SG,TH	SX
chr17	39385800	39386126	TRO,AO,HIP,GA,LG,LV,SG	H1,NPC
chr17	39741500	39741700	TRO,H1MSC,LV	H1,HIP,AC,CG,ITL,MFL,DUO,OV
chr17	40344300	40344200	TRO,LG,LIV,LV,SV,SG	HIP,CG,MFL
chr17	40605600	40605800	H1,MES,NPC,TRO,MSC,IMR90,LG,LIV,LV,SV,SG	HIP,AC,H1MSC,TH
chr17	40842600	40842900	MES,TRO,IMR90,LV	AD,HIP,DUO,H1MSC,SB,TH
chr17	43280000	43280100	MSC,LV,PA	TRO
chr17	43444800	43444400	NPC,LV	MES,TH
chr17	44079500	44079500	MSC,LG,LV	MES,DUO,SB,SG
chr17	44156700	44156200	LV	MES,SG
chr17	44429600	44430100	HIP,H1MSC,GA,LG,LIV,LV,OV	TRO,MSC
chr17	44565300	44565400	TRO,LG,LV	GA,SG
chr17	44657200	44656700	AO,H1MSC,GA,LG,LV,PO,SG	H1
chr17	45173000	45172700	GA,LG,LIV,LV,PO,SV,SG	TH
chr17	52212800	52212700	H1,TRO,IMR90,LG,LV,PO	TH
chr17	52242900	52243100	LV	TH
chr17	53769800	53769999	H1,MES,NPC,IMR90,AD,AC,GA,LV,SG	TH
chr17	59280300	59280400	H1,AO,LG,LV,SB	MFL
chr17	63708600	63708195	IMR90,LV	HIP,CG,MFL
chr17	67483195	67483500	TRO,IMR90,H1MSC,GA,LV,SV,SB	HIP,AC,CG,MFL
chr17	69460300	69460500	TRO,LV,PO	H1,NPC,CG
chr17	70401100	70401400	TRO,MSC,LG,LV,SB	H1,AC,CG,ITL,MFL,LIV
chr17	70430900	70431400	LG,LV,SB	H1,H1MSC
chr17	72052000	72051995	H1,MES,TRO,MSC,IMR90,AD,AO,H1MSC,GA,LG,LV,OV,PO,SV	HIP,ITL
chr17	72376400	72376700	LV	H1,MES,NPC,HIP,AC,CG,ITL,MFL,GA,OV,PO,TH
chr17	72477200	72477100	H1MSC,GA,LG,LV	H1,NPC,TH
chr17	72793300	72793795	H1,MSC,IMR90,AD,DUO,LG,LV,PA,SB,SG,TH	LIV
chr17	72912600	72913100	IMR90,AD,DUO,GA,LG,LIV,LV,OV,PA,PO,RA,SV,SB,SG	TH
chr17	73036700	73036395	TRO,LV,PA	H1,HIP,AC,CG,ITL,MFL
chr17	73174600	73174800	LV,SB	TH
chr17	73722100	73722400	LV,PA	H1,MES,NPC,TRO,IMR90,TH
chr17	73765800	73766300	H1,MES,NPC,TRO,MSC,AD,AO,H1MSC,GA,LIV,LV,PA,PO,RA,SV,SB,SG	TH
chr17	73993000	73992500	HIP,CG,GA,LV	H1,MES
chr17	74282900	74283000	TRO,IMR90,AD,AC,CG,ITL,DUO,H1MSC,GA,LG,LIV,LV,OV,PO,SB,SX	TH
chr17	75321800	75321700	AO,H1MSC,GA,LG,LV,PA,SV,SB,SG	LIV
chr17	76606800	76606700	MES,MSC,H1MSC,GA,LG,LIV,LV,PA,SV,SB	DUO
chr17	76917700	76918100	H1,MES,NPC,TRO,MSC,IMR90,AD,DUO,GA,LG,LV,OV,PA,RA,SV,SG	LIV
chr17	77114800	77114500	MES,H1MSC,GA,LG,LIV,LV,PO,SB,SG	PA
chr17	77867800	77867489	H1,AO,GA,LG,LV	SB,TH
chr18	5187200	5187100	TRO,AD,GA,LG,LV,SG	H1,HIP,MFL
chr18	7220900	7220700	LV,PA	PO
chr18	7450500	7450900	NPC,H1MSC,LG,LV,TH	ITL
chr18	7937100	7937200	MES,MSC,DUO,LG,LV,SB,SG	AC
chr18	33088300	33088200	LG,LV	H1,MES,NPC,GA,PA,PO
chr18	35676200	35676000	LG,LV,SX	HIP,AC,CG,ITL
chr18	41672100	41672300	TRO,AD,AO,H1MSC,LV,SV,SB	HIP,DUO,PO
chr18	43028200	43028000	TRO,MSC,GA,LG,LV	H1
chr18	43044000	43044300	TRO,GA,LG,LV,PO	H1,NPC
chr18	45342700	45342500	LV	TRO,HIP,H1MSC,SB
chr18	51120600	51120500	H1,NPC,IMR90,AD,GA,LV,SB	HIP
chr18	53172000	53171700	TRO,MSC,GA,LV,SB	H1,MES,NPC,HIP,AC,CG,ITL,MFL,LIV
chr18	54042600	54042400	H1,MES,TRO,MSC,IMR90,AD,DUO,H1MSC,LG,LV,OV,SB,SX,TH	GA
chr18	55039000	55039300	MSC,GA,LV	H1,MES,NPC,HIP,AC,CG,ITL,MFL
chr18	55087600	55087400	TRO,H1MSC,LG,LV,SX	H1
chr18	58957100	58956900	H1,MES,AO,LG,LIV,LV,OV,SB	PO
chr18	70912100	70912100	MES,TRO,MSC,IMR90,H1MSC,GA,LG,LV,PA,SB,SG	TH
chr18	71088800	71089000	H1MSC,LG,LV,SB	AO,HIP,AC,CG,ITL,MFL,DUO,OV,PO,RA
chr19	590600	591100	AO,LG,LV	AC,CG,ITL,MFL,PO
chr19	892100	892400	IMR90,AD,AO,AC,LG,LIV,LV,OV,SG	CG
chr19	1459100	1459400	AD,AO,GA,LG,LIV,LV,SV,SB,SG	AC,CG,MFL
chr19	2191600	2191600	H1,AD,LIV,LV,SG	DUO,TH
chr19	2241900	2241800	MES,TRO,MSC,AO,LV	AD,DUO,H1MSC,GA,SB,SG,TH
chr19	3737400	3737300	LV	H1,MFL,LG
chr19	4231000	4230500	GA,LG,LV	H1,MES,RA
chr19	4587400	4587300	TRO,MSC,LV	CG
chr19	4711100	4710700	TRO,IMR90,AD,GA,LV,PA	AC
chr19	6427400	6427600	TRO,MSC,LV,OV,SV	H1,MES,NPC,HIP,AC,CG,ITL,MFL
chr19	6704500	6704700	MES,AD,AO,GA,LG,LV,PA	LIV
chr19	6718100	6718600	MSC,LV,SV	H1,MES,TRO,DUO,H1MSC,PA,SG,TH
chr19	6753000	6752700	H1,MES,TRO,HIP,GA,LV,SB,SG	TH
chr19	10311200	10311300	H1,MES,LV,SV	TH
chr19	12806500	12806100	MSC,AO,HIP,H1MSC,LG,LV	H1,NPC,CG,ITL,MFL
chr19	13910100	13909800	NPC,LG,LV,PO	IMR90
chr19	17659400	17659400	NPC,TRO,MSC,H1MSC,GA,LIV,LV,OV,PO,SV	H1,MES,HIP,AC,CG,ITL,MFL
chr19	17721900	17721600	AO,LG,LV,OV,SV,SG	CG
chr19	17751200	17750700	TRO,AD,AO,HIP,AC,ITL,GA,LV,OV,SG	H1
chr19	17802600	17802800	GA,LV,SG	H1,NPC,AC,ITL,MFL,OV
chr19	17819700	17819400	H1MSC,GA,LG,LV	TH
chr19	17939000	17939300	GA,LV,SV	NPC,AC,ITL,MFL
chr19	19233500	19233800	TRO,MSC,H1MSC,GA,LG,LV,PA	H1,NPC,ITL,MFL
chr19	19501600	19501300	AO,LV,PA	AC,MFL
chr19	19510700	19510300	TRO,MSC,IMR90,H1MSC,LG,LV,SG	OV
chr19	33910100	33910200	LV	H1,MES,NPC,TRO
chr19	34710540	34710500	TRO,LG,LV,PA,SB	H1,HIP,AC,CG,ITL,MFL,DUO
chr19	41033200	41033600	LV	PA
chr19	41114240	41114500	H1,MES,TRO,IMR90,AO,GA,LIV,LV,OV,SB	AC
chr19	41192040	41191900	LV	H1,MES,NPC,TRO,H1MSC,GA,PA,SG
chr19	43393000	43393000	MES,TRO,IMR90,AO,DUO,H1MSC,GA,LG,LV,PA,PO,SV,SG	H1,NPC
chr19	43779400	43779000	TRO,MSC,GA,LV,PA	H1
chr19	44132800	44132840	IMR90,AO,LG,LV	CG
chr19	44681100	44681500	TRO,MSC,GA,LG,LIV,LV,SB,SG	H1,MES
chr19	44690500	44690100	LV	H1,NPC,CG,MFL
chr19	44698300	44698200	MSC,LG,LV	H1,MES,NPC,TRO,CG
chr19	45610500	45610800	TRO,MSC,IMR90,AD,AO,H1MSC,GA,LV,OV,PO,SV,SB,SX	LG
chr19	46009040	46009200	TRO,H1MSC,GA,LV,PO,SG	HIP,AC,CG,ITL,MFL,DUO
chr19	47084000	47083540	H1,MES,TRO,MSC,IMR90,GA,LG,LV,PA,SG	SB,TH
chr19	50101700	50101340	IMR90,H1MSC,GA,LV	H1,MES,NPC,TRO,MSC,AD,HIP,AC,CG,MFL,LIV,OV
chr19	50137800	50137600	LV	LIV
chr19	50723800	50724300	MES,IMR90,AD,GA,LG,LV,SV,SG	H1,NPC,AC,CG,ITL,MFL
chr19	52052000	52051740	H1,MSC,AD,AO,H1MSC,GA,LG,LIV,LV,PA,SB,SG	AC,CG
chr19	52216500	52216000	TRO,MSC,H1MSC,LG,LV,OV,SB	H1,HIP,CG,ITL,MFL,PO,RA
chr19	53891700	53891800	TRO,MSC,AD,LG,LV,SV	H1,MES,H1MSC,GA,PA,SB,SG
chr19	54685500	54685000	NPC,LV	MES,H1MSC
chr19	54997700	54997800	H1,NPC,GA,LV	MSC,AD,AC,MFL,OV
chr19	55521200	55521300	GA,LG,LIV,LV,OV,PO	H1,TRO,HIP,AC,CG,ITL
chr19	55709400	55709600	NPC,LV,PA	HIP,AC,CG,ITL,MFL
chr19	55803200	55803300	H1,LV	AC,ITL
chr19	55854200	55853912	LG,LV,SB	H1,MES,NPC,HIP,AC,CG,ITL,MFL
chr19	59077600	59078100	TRO,H1MSC,GA,LG,LV,PO	H1,NPC,HIP,AC,ITL,MFL,TH
chr19	60382900	60382600	MES,TRO,MSC,AD,AO,H1MSC,GA,LG,LIV,LV,PA,SB,SG	HIP,AC,CG,ITL,MFL
chr19	60420300	60420400	MSC,AD,AO,H1MSC,GA,LG,LV,SB,TH	HIP,CG,ITL,MFL,LIV
chr19	63554000	63554000	GA,LV	LIV
chr20	604900	604700	TRO,MSC,IMR90,AD,H1MSC,GA,LG,LIV,LV,OV,PA,PO,SG,SX	H1,MFL
chr20	774100	773800	IMR90,LV	H1MSC,SB,TH
chr20	931000	931200	LV,PA	H1
chr20	3710400	3710000	H1,MES,IMR90,AD,H1MSC,LG,LV,SB,SG	AC
chr20	3861100	3861500	IMR90,AD,H1MSC,LG,LV,SG,TH	HIP,AC,ITL,DUO,PO
chr20	5245200	5245100	TRO,GA,LV	H1,MES,NPC,SX
chr20	5840500	5840400	H1MSC,LG,LV,PO,SG,SX	H1,AD,HIP,AC,CG,ITL,MFL
chr20	9444800	9444400	TRO,MSC,LG,LV,PA,PO	NPC,HIP,AC,CG,ITL,MFL,DUO,OV
chr20	9768000	9767500	LV	H1,NPC,AD,HIP,AC,CG,ITL,MFL,GA,PA
chr20	10101300	10101500	LV,SX	CG,ITL,MFL
chr20	17824700	17824400	H1,TRO,AD,H1MSC,GA,LG,LIV,LV,PA,SB,SG	HIP,AC,CG,ITL
chr20	19863900	19863900	H1,TRO,IMR90,GA,LG,LV,SG	HIP,AC,CG,ITL,RA
chr20	21034800	21034600	TRO,H1MSC,LG,LV,PA,SB	H1,HIP,CG
chr20	21326100	21325700	TRO,LG,LV	CG,GA,PO,RA
chr20	22512500	22512100	TRO,MSC,H1MSC,LV	MES,GA,LIV,PA,PO,SB,SG
chr20	25006800	25006700	MSC,GA,LG,LV,PA,SB	HIP,AC,CG,ITL,MFL
chr20	28132600	28132800	AD,AO,GA,LV,PA,PO,SV,SB,SG	AC,CG,ITL,MFL,DUO
chr20	29713600	29713600	MES,TRO,MSC,CG,H1MSC,LG,LV,PA,SB,SG	MFL
chr20	29726800	29726961	MES,TRO,IMR90,AD,AO,DUO,H1MSC,GA,LG,LIV,LV,OV,PA,PO,RA,SV	TH
chr20	29763100	29763200	H1,DUO,H1MSC,LG,LIV,LV,OV,PA,PO,SB,SG,SX	TH
chr20	32363700	32363561	TRO,IMR90,GA,LV,PA,PO,SV	HIP,LIV
chr20	33278200	33278300	TRO,LV	H1,ITL,MFL,LIV,SG
chr20	35474100	35474300	H1,MES,NPC,TRO,H1MSC,GA,LG,LV,SB,SG	AC
chr20	36129500	36129700	TRO,LV,PO,RA	LIV
chr20	36736100	36736400	LG,LV	H1,NPC,HIP,AC,CG,ITL,MFL
chr20	36790200	36790300	MES,TRO,AO,LIV,LV,OV,PA,SV	AC
chr20	41252014	41251700	TRO,H1MSC,LV	H1,MES,HIP,AC,CG,MFL
chr20	42309900	42309714	TRO,H1MSC,GA,LG,LIV,LV,OV	H1,HIP,AC,CG,ITL,MFL
chr20	43369800	43369800	H1,H1MSC,GA,LV,PO	PA
chr20	43374100	43374000	MES,TRO,IMR90,AO,H1MSC,GA,LV,PO,SG	PA
chr20	44084700	44084300	MSC,LG,LV,SB	H1,MES,NPC,TRO,HIP,AC,CG,ITL,MFL
chr20	44093700	44093500	AO,GA,LV,PO	HIP,AC,CG,ITL
chr20	45417700	45417800	TRO,AO,LIV,LV,OV,PA,PO	GA,SG,TH
chr20	47369200	47368800	TRO,MSC,H1MSC,LG,LV,OV	HIP,AC,CG,ITL,MFL
chr20	48121707	48121507	H1,TRO,LV,SG	ITL
chr20	51788500	51788507	H1,NPC,TRO,MSC,H1MSC,LV,SG,TH	AC
chr20	52223900	52223807	MSC,LIV,LV,OV,PA,PO,SB	NPC
chr20	54420807	54421200	MSC,AD,H1MSC,GA,LV,OV,SB	IMR90,DUO
chr20	55393700	55393500	AD,GA,LG,LV,RA	MSC
chr20	56237406	56237400	TRO,LV	H1,MES
chr20	60878700	60878300	MES,H1MSC,GA,LG,LV,PO,SB,SG,TH	LIV
chr20	61280200	61280600	AD,H1MSC,LG,LV	H1,NPC,AC,CG,ITL,MFL
chr20	61355800	61356000	H1MSC,GA,LG,LV	H1,MES,NPC,TRO,CG
chr20	62204400	62204500	MSC,LG,LV	NPC
chr20	62222200	62222200	H1,IMR90,GA,LV,PA,PO	SX
chr21	10135400	10135200	AD,AO,HIP,LIV,LV,PO	DUO
chr21	30234100	30234100	TRO,H1MSC,LV	H1,NPC,HIP,AC,CG,ITL,MFL
chr21	37301000	37300900	LV	H1,MES,NPC,AD,GA,LIV,PA,PO,SG
chr21	38209800	38210300	TRO,H1MSC,LV,PO,SG	H1,HIP,AC,CG,ITL,MFL
chr21	42607300	42607200	H1,MSC,AO,DUO,LG,LV,SV	SG
chr21	43966300	43965900	LV	AC,CG,ITL,MFL,GA,OV,PA
chr21	44056728	44056400	NPC,AD,HIP,AC,CG,LG,LV,SV	H1MSC
chr21	45171600	45171728	H1,MES,TRO,AD,AO,HIP,AC,H1MSC,LG,LV,PA,SV,SG	TH
chr21	46375300	46375400	AO,GA,LV,OV,SV	SX
chr21	46397900	46398000	MES,TRO,MSC,IMR90,AD,CG,MFL,LG,LV,OV	LIV
chr22	16424200	16424100	H1,NPC,TRO,AD,LG,LV,OV,SB,SG	HIP,AC,CG,MFL
chr22	16639800	16640300	LV,SV	TH
chr22	19716900	19716900	MSC,IMR90,AD,LG,LV,OV,PO,SV	H1,MFL
chr22	21814500	21814300	H1,MSC,IMR90,AD,H1MSC,GA,LG,LIV,LV,PA,PO,SB,SG,TH	AC,ITL
chr22	21889800	21889300	IMR90,AD,AO,CG,MFL,LG,LIV,LV,OV,PA,PO,RA,SV	TH
chr22	23221300	23220800	TRO,LG,LV,SB,SG	LIV
chr22	24009000	24009000	GA,LV	H1,MES,NPC
chr22	25384800	25384500	TRO,MSC,LG,LV,PA	H1,MES,NPC,HIP,AC,CG,ITL,MFL,DUO
chr22	26058000	26058100	MSC,LG,LV,OV,PA	AC
chr22	29529400	29529100	MES,TRO,MSC,IMR90,AD,H1MSC,GA,LG,LV,PA,PO,SG,TH	CG,ITL,MFL
chr22	29648300	29648200	IMR90,LG,LV	AC,DUO
chr22	29815800	29815700	H1,IMR90,AO,GA,LV,OV,RA,SG	DUO
chr22	30696500	30697000	LG,LV	HIP,AC,CG
chr22	34641100	34641200	H1,MES,NPC,TRO,MSC,AD,LG,LV,SB	AO,HIP,AC,CG,ITL,MFL,DUO,OV,PO
chr22	35543000	35543100	AD,H1MSC,GA,LG,LV,PA,SV,SG	H1
chr22	35752300	35752800	H1,AD,HIP,AC,CG,ITL,GA,LG,LV,RA	LIV
chr22	35914100	35914300	H1,NPC,MSC,AO,MFL,GA,LG,LIV,LV,PA,PO,SB,TH	DUO
chr22	36146100	36146400	TRO,AO,H1MSC,GA,LG,LIV,LV,SV	H1,CG,MFL
chr22	36423000	36423300	TRO,MSC,IMR90,AD,AO,H1MSC,GA,LG,LV,OV,PA,SV,SB,SG,TH	H1
chr22	36544400	36544600	MES,TRO,MSC,AO,GA,LV,PA,SB,SG	HIP,AC,CG,ITL,MFL,DUO
chr22	36716000	36715900	MES,TRO,IMR90,MFL,LV,PA,SV	AC
chr22	36815400	36815000	LV	H1MSC
chr22	38721800	38721400	LG,LV	H1,MES,H1MSC,GA,PA,SB,SG
chr22	39003100	39002800	H1MSC,LG,LV,SB,TH	AO
chr22	40636400	40636600	TRO,H1MSC,LG,LV,SB	CG,PO
chr22	41010000	41009900	TRO,LV	HIP,CG,MFL
chr22	41170300	41170800	H1,MES,TRO,MSC,IMR90,AD,AO,H1MSC,GA,LG,LIV,LV,SB,SG	AC,MFL
chr22	41335700	41335300	MES,NPC,TRO,IMR90,AD,H1MSC,GA,LG,LV,PA,SV,SB,SG	AC
chr22	42619200	42619000	MSC,IMR90,AO,GA,LG,LIV,LV,PO	H1
chr22	43451600	43452064	H1,TRO,IMR90,AD,H1MSC,GA,LV,OV,SB	SG
chr22	45388200	45388164	H1,MES,TRO,IMR90,AC,H1MSC,GA,LIV,LV,OV,PA,PO,SG	TH
chr22	45411200	45410900	H1,NPC,GA,LV,PA,RA,SV,SB,SG	LIV
chr22	49386300	49386200	TRO,MSC,H1MSC,LV	AD,HIP,AC,CG,MFL,GA,OV,PA,SG
chrX	12900200	12900300	AD,AC,MFL,DUO,LG,LV,OV,PA,PO	TH
chrX	20044800	20044721	LG,LV	HIP,AC,ITL,MFL
chrX	24949200	24948800	LG,LV	OV
chrX	39750300	39750200	TRO,LV,OV,SG	MES
chrX	46954400	46954800	LV	MSC
chrX	71205900	71206100	H1,GA,LV,PA	ITL,MFL
chrX	71375900	71375700	AD,AO,LV	H1,MES,NPC
chrX	107066200	107065900	LG,LV,OV	H1
chrX	117842500	117842128	TRO,LV,SG	HIP,AC,CG,ITL,MFL
chrX	118703900	118703800	H1,MES,NPC,TRO,IMR90,AD,HIP,DUO,H1MSC,GA,LG,LIV,LV,PO,SB,SG	TH
chrX	119009700	119009300	LV	TRO,PA
chrX	135115500	135115500	LG,LV	DUO
chrX	135942100	135942066	TRO,LG,LV	HIP,AC,CG,ITL,MFL,DUO
chrX	136338600	136338300	LG,LV	H1,NPC,AD,HIP,CG,DUO,GA,LIV,RA
chrX	152684400	152684300	MES,GA,LG,LIV,LV,OV,PA,SG	HIP,AC,CG,ITL,MFL,DUO
chrX	153423900	153423800	TRO,IMR90,AD,HIP,AC,MFL,DUO,H1MSC,GA,LV,OV,PA,PO,RA,SB,SG,TH	LIV
chrY	11248400	11248000	AD,CG,LIV,LV,OV,PA,PO,SG,TH	DUO
chrY	11655000	11655400	CG,LV,PO,SG	DUO
chrY	11714200	11714400	AO,LV,PO,SV,SG,TH	DUO
chrY	11942600	11942200	H1,AD,HIP,H1MSC,LG,LV,OV,RA,SB	DUO
chrY	12147600	12147700	NPC,CG,ITL,H1MSC,LIV,LV,SB,SX	DUO
chrY	12331300	12330800	LV,TH	DUO
chrY	12361500	12361400	AD,HIP,AC,CG,ITL,MFL,H1MSC,GA,LG,LV,OV,PA,PO,SB,SG,SX,TH	DUO
chr1	1083500	1083263	MSC	NPC,HIP,CG,ITL,DUO,H1MSC,LV,OV,PA,PO,RA,SB,TH
chr1	2451100	2451400	AD,LG	NPC,MFL,H1MSC,LV,PO,RA,SB,SG
chr1	8508700	8508700	H1,MES,NPC,TRO,MSC	IMR90,AD,AO,HIP,AC,CG,ITL,MFL,DUO,H1MSC,GA,LIV,LV,OV,PO,RA
chr1	11785300	11785800	TRO	IMR90,AD,HIP,CG,ITL,MFL,DUO,H1MSC,GA,LIV,LV,OV,PO,RA,SV,SG
chr1	11891700	11891700	MES,MSC	IMR90,HIP,AC,CG,ITL,MFL,DUO,H1MSC,LG,LIV,LV,OV,PA,PO,RA,SB,SG,TH
chr1	16216300	16216200	MES,TRO,MSC,IMR90,MFL,GA,SG	DUO,LV,PO,RA,SV
chr1	17103800	17103500	MES,NPC,SB	IMR90,HIP,AC,CG,ITL,MFL,DUO,LIV,LV,OV,PO,RA
chr1	20269200	20269700	IMR90,AD,OV,PO	LV,RA
chr1	20883900	20883800	TRO,HIP,AC,CG,GA,LIV,OV,SB,SG	AD,LG,LV,RA
chr1	25439000	25439387	LG	NPC,TRO,HIP,AC,CG,ITL,MFL,DUO,GA,LIV,LV,OV,PA,RA
chr1	26122200	26122400	LG	H1,MES,NPC,TRO,AD,HIP,AC,CG,ITL,MFL,DUO,H1MSC,GA,LIV,LV,OV,PA,PO,RA,SG,TH
chr1	33109000	33109300	LG	AD,ITL,MFL,GA,LV,OV,PO,RA
chr1	41662200	41662700	H1,AO,PA	LV
chr1	42701700	42701700	SX	NPC,IMR90,AD,AO,HIP,AC,CG,ITL,MFL,DUO,H1MSC,GA,LG,LIV,LV,OV,PA,PO,RA,SV,SG,TH
chr1	45058387	45058600	MES	IMR90,HIP,AC,CG,ITL,MFL,DUO,H1MSC,GA,LV,OV,PA,PO,RA,SG,TH
chr1	52841000	52841000	IMR90	H1,MES,AD,HIP,AC,CG,ITL,DUO,H1MSC,GA,LG,LIV,LV,OV,PA,PO,RA,SV,SG,TH
chr1	53300988	53300900	TRO	H1,NPC,IMR90,AD,AO,HIP,AC,CG,ITL,MFL,DUO,H1MSC,GA,LG,LIV,LV,OV,PO,RA,TH
chr1	56716000	56716300	TRO,LG	ITL,GA,LIV,LV,OV,PA,RA
chr1	57057900	57057900	H1,NPC,TRO,MSC,H1MSC,GA,LG,PA,PO,RA,SB,SG	LV
chr1	60165400	60165000	TRO	HIP,AC,CG,ITL,MFL,DUO,H1MSC,GA,LIV,LV,PO,SV,SB,SG
chr1	61281600	61281700	SB	AC,CG,H1MSC,GA,LV,OV,PA,PO,RA
chr1	66990900	66990988	TRO,LG,PA,SB	HIP,AC,CG,ITL,MFL,LV
chr1	84099000	84099400	IMR90	AO,HIP,CG,ITL,MFL,GA,LIV,LV,PA,RA,SV
chr1	89260900	89261000	TRO	IMR90,AD,AO,HIP,AC,DUO,GA,LG,LIV,LV,OV,RA,SB,SG,TH
chr1	89436200	89436388	MES	AD,HIP,AC,CG,MFL,DUO,H1MSC,LG,LIV,LV,OV,RA,SV,SB
chr1	110428800	110428900	TRO,MSC	AD,AO,HIP,AC,CG,ITL,MFL,DUO,GA,LG,LIV,LV,OV,PA,PO,RA,SB,SG
chr1	143702900	143703400	MES,AO,HIP,ITL,DUO,LG,LIV,PA	LV,PO,RA,SV
chr1	149611424	149611300	MES	CG,DUO,GA,LIV,LV,OV,SG
chr1	151774400	151774900	NPC	IMR90,AD,CG,MFL,DUO,H1MSC,GA,LG,LV,OV,PA,PO,RA,SV,SB,SG,TH
chr1	151851800	151851800	TH	IMR90,AD,DUO,GA,LIV,LV,OV,PO,RA,SV,SB
chr1	152740700	152740600	TRO	AD,AC,DUO,H1MSC,GA,LG,LIV,LV,OV,PA,PO,RA,SV
chr1	153514900	153514400	AO	H1,MES,NPC,TRO,IMR90,AD,HIP,AC,CG,ITL,MFL,DUO,H1MSC,GA,LIV,LV,OV,PA,PO,RA,SB,SG,TH
chr1	154096800	154096700	MES,MSC,AD	NPC,IMR90,HIP,AC,CG,MFL,DUO,LV,OV,PO,RA
chr1	154861800	154861500	TRO,MSC,AO,LG,LIV,SB	H1,HIP,CG,ITL,MFL,LV,PO,RA
chr1	158353300	158353100	MES	NPC,HIP,CG,ITL,MFL,DUO,LV,PO,RA
chr1	165330700	165330900	H1,MES,TRO,MSC,SB	LV,PO,RA,SV
chr1	178113800	178113600	SX	IMR90,AD,HIP,AC,CG,ITL,MFL,DUO,GA,LIV,LV,OV,PA,PO,RA,SV,SB,SG,TH
chr1	191422700	191422223	H1,H1MSC,LG,LIV,SB,TH	IMR90,AO,HIP,AC,CG,ITL,MFL,DUO,LV,OV,RA,SV
chr1	199614000	199614000	NPC,TRO,MSC,H1MSC,LG,OV	LV,RA
chr1	226530000	226530400	AO	NPC,IMR90,AD,HIP,AC,CG,ITL,MFL,DUO,H1MSC,GA,LG,LV,OV,PA,RA,SG
chr1	230047900	230047900	MSC,IMR90,AO,LG,OV,PA,SG	LV,RA,SV
chr2	5749700	5750100	H1MSC	TRO,HIP,AC,GA,LV,SV
chr2	19425800	19426000	H1,TRO	IMR90,AD,AO,HIP,AC,CG,ITL,MFL,DUO,H1MSC,GA,LG,LIV,LV,OV,PA,PO,RA,SV,SB,SG,SX,TH
chr2	25238100	25238000	H1	LG,LV
chr2	25329000	25328900	IMR90,CG	H1,MES,NPC,TRO,AD,DUO,H1MSC,GA,LIV,LV,OV,PA,PO,RA,SB,SG,TH
chr2	27156100	27155600	NPC	IMR90,AD,MFL,DUO,H1MSC,GA,LG,LV,OV,RA,SV,SB,SG
chr2	27792600	27792300	AO,LG,SB	H1,MES,LV,RA,SV
chr2	28887400	28887400	LG	AC,ITL,MFL,LV,OV,PO,RA,SG,SX
chr2	40592800	40592800	LG,SB	DUO,LV,RA,SV
chr2	54551300	54551600	IMR90	LV
chr2	64725400	64725900	MES,NPC,TRO,MSC,LG,LIV,SG	HIP,AC,CG,ITL,MFL,DUO,H1MSC,LV,OV,PO,RA
chr2	64946200	64946200	LG	H1,AD,HIP,AC,CG,ITL,MFL,H1MSC,GA,LV,OV,PA,PO,RA,SB,TH
chr2	71358000	71357700	TRO	H1,MES,NPC,HIP,AC,CG,ITL,MFL,DUO,H1MSC,GA,LG,LIV,LV,OV,PA,PO,RA,SV,SB,SG
chr2	105421900	105421800	TRO,MSC,IMR90,MFL,DUO,GA,LG,PO,SB,SG,TH	LV,RA
chr2	113673471	113673400	TH	NPC,HIP,AC,CG,ITL,MFL,DUO,H1MSC,GA,LG,LIV,LV,OV,PA,PO,SG,SX
chr2	160835300	160835300	MES,MSC	HIP,AC,CG,ITL,MFL,DUO,H1MSC,GA,LIV,LV,OV,PO
chr2	170074900	170075100	H1,IMR90	LV,PO,RA,SV
chr2	171538900	171538900	MES,TRO	AD,HIP,AC,CG,ITL,MFL,DUO,H1MSC,GA,LIV,LV,OV,PA,PO,SG,TH
chr2	182999700	182999900	SB	AO,DUO,LV,RA
chr2	220008500	220008200	TRO,H1MSC,LG,LIV,SB,SG	LV,PO,RA
chr2	227369200	227369700	TRO	MSC,DUO,H1MSC,LV,TH
chr2	227737600	227737400	TRO	H1,MES,NPC,AD,AO,HIP,AC,CG,ITL,MFL,DUO,H1MSC,GA,LG,LIV,LV,OV,PA,PO,RA,SV,SG
chr2	228754144	228754300	TRO,AO,GA	H1,MES,NPC,HIP,AC,ITL,MFL,LV,RA,SV
chr2	230793000	230793200	MES	IMR90,AD,AO,HIP,AC,CG,ITL,MFL,DUO,H1MSC,GA,LG,LIV,LV,OV,PA,PO,RA,SV,SB,SG,TH
chr2	232056700	232056544	H1,IMR90	AD,MFL,DUO,H1MSC,LG,LIV,LV,OV,PO,RA,SV,TH
chr2	232177300	232177800	NPC,TRO,AO	AD,DUO,LV,OV,PA,PO,TH
chr2	232499700	232499300	TRO,SB	H1,NPC,AD,HIP,AC,CG,ITL,MFL,DUO,H1MSC,GA,LV,OV,PA,PO,RA
chr3	214300	214300	MSC	H1,MES,NPC,IMR90,AD,HIP,AC,CG,MFL,DUO,H1MSC,GA,LG,LIV,LV,OV,PA,PO,RA,SX
chr3	4885100	4885400	AD	LIV,LV,PO,TH
chr3	16918400	16918400	H1,AD,AC,ITL,GA,OV,PA,PO,TH	LV
chr3	27729600	27730000	MSC	MES,IMR90,AD,AO,HIP,AC,CG,ITL,MFL,DUO,H1MSC,GA,LG,LIV,LV,OV,PA,PO,RA,SV,SB,SG,TH
chr3	45044000	45043900	MSC,OV	LV,RA
chr3	48707700	48707600	H1,MES,NPC,TRO,IMR90,AD,H1MSC,GA,LG,PA,PO,SB,SG,SX,TH	AC,ITL,MFL,LV,OV
chr3	51992600	51992400	AO	H1,MES,NPC,TRO,IMR90,AD,HIP,AC,CG,ITL,MFL,H1MSC,GA,LG,LIV,LV,OV,PA,PO,RA,SB,SG,TH
chr3	52462200	52462400	H1,AO,GA,PA	LV,SV
chr3	56477400	56477400	SB	H1,MES,NPC,TRO,AD,HIP,AC,CG,ITL,MFL,DUO,GA,LG,LV,OV,PA,PO,RA,SV,SG
chr3	58537200	58537400	H1,AD,H1MSC,PA,SB	HIP,AC,CG,ITL,MFL,LV,RA
chr3	62835400	62835900	MSC	H1,MES,NPC,TRO,AC,CG,ITL,MFL,DUO,GA,LV,PA,RA,SV,SG
chr3	65510400	65510200	PA	H1,MES,NPC,HIP,AC,CG,ITL,MFL,DUO,LIV,LV,PO,RA,SV
chr3	89239600	89240000	MES,AD	HIP,AC,CG,ITL,MFL,DUO,LV,OV,RA
chr3	127382200	127381900	MSC	H1,MES,NPC,AD,HIP,AC,CG,ITL,MFL,DUO,H1MSC,GA,LV,OV,PO,RA,SB,SG
chr3	158293500	158293800	H1,IMR90,LIV	LV,SV
chr3	159772100	159772200	SB	IMR90,HIP,AC,CG,ITL,MFL,DUO,H1MSC,LG,LV,OV,PA,PO,RA,SV
chr3	162572800	162573000	LG	H1,MES,NPC,TRO,AD,HIP,AC,CG,ITL,MFL,DUO,H1MSC,GA,LIV,LV,PA,PO,RA,SG
chr3	179737400	179737800	H1,TRO,SB	HIP,AC,CG,ITL,MFL,DUO,GA,LV,OV,RA,SV
chr3	185784300	185784400	GA,LG,SB	H1,NPC,AD,ITL,MFL,DUO,LV,OV,PO,RA
chr3	188492200	188491800	TRO,MSC,AD,H1MSC,GA	IMR90,HIP,AC,MFL,DUO,LIV,LV,RA
chr3	193928000	193927900	TRO,AD	HIP,AC,CG,ITL,MFL,LV,RA,SV
chr3	198668500	198668200	MSC	HIP,AC,CG,ITL,MFL,DUO,LIV,LV,OV,PA,PO,RA,TH
chr4	43100	43600	AO	H1,MES,NPC,TRO,IMR90,AD,HIP,AC,CG,ITL,MFL,DUO,H1MSC,GA,LG,LIV,LV,OV,PA,PO,RA,SV,SX
chr4	3013500	3013600	H1,MES,TRO,IMR90	AD,AC,MFL,DUO,H1MSC,LG,LV,OV,PO,RA,SG
chr4	7155900	7156001	TRO	NPC,HIP,ITL,MFL,DUO,H1MSC,GA,LG,LIV,LV,PA,PO,RA,SG,TH
chr4	15081100	15081000	H1	AO,HIP,AC,CG,ITL,MFL,DUO,GA,LG,LV,OV,PO,RA
chr4	23500300	23500500	H1,MES,MSC	IMR90,AD,AO,HIP,AC,CG,ITL,MFL,DUO,H1MSC,GA,LG,LIV,LV,OV,PA,PO,SV,SB,SG
chr4	42095600	42095400	TRO	H1,MES,NPC,IMR90,ITL,MFL,LIV,LV,PA,RA,SV
chr4	46690900	46690400	LG,SB,SG	H1,NPC,IMR90,HIP,AC,MFL,DUO,LV,SV
chr4	57091400	57091800	TRO	H1,NPC,IMR90,HIP,AC,CG,ITL,MFL,DUO,H1MSC,GA,LV,OV,PO,RA
chr4	76078800	76078300	MSC	H1,MES,NPC,AD,AO,HIP,AC,CG,ITL,MFL,DUO,H1MSC,GA,LG,LIV,LV,OV,PA,RA,SV,SB,SG,SX
chr4	93446300	93445900	LG,LIV	H1,MES,NPC,HIP,AC,CG,ITL,MFL,DUO,LV,PO,RA
chr4	105635900	105635900	SX	H1,MES,NPC,AD,AO,HIP,AC,CG,ITL,MFL,DUO,GA,LIV,LV,OV,PA,PO,RA,SV,SB,SG
chr4	122521500	122521400	TRO,LG,PA	NPC,LV,RA,SV
chr4	124647000	124646700	MES	AD,AO,HIP,AC,CG,ITL,MFL,DUO,GA,LG,LIV,LV,OV,PA,PO,RA,SB
chr4	144699900	144700200	H1	AD,HIP,AC,CG,ITL,MFL,DUO,H1MSC,GA,LG,LIV,LV,OV,PA,RA,SG,TH
chr4	144841700	144841500	TRO,MSC,H1MSC,LG	H1,CG,ITL,MFL,DUO,GA,LV,PO,RA,TH
chr4	174667000	174667500	LG	DUO,GA,LV,OV,PA,RA,SV
chr4	185145900	185146200	H1,MES,TRO,MSC,LG,PA,SB,TH	HIP,AC,CG,ITL,MFL,LV,OV,PO,RA
chr4	187226900	187227400	H1,TRO	AD,AO,HIP,AC,CG,ITL,MFL,DUO,H1MSC,GA,LG,LIV,LV,OV,PA,PO,RA,SG
chr5	1936300	1936600	MSC,LIV,SG	H1,H1MSC,GA,LV,PO,RA,SV
chr5	14495400	14495100	TRO	CG,ITL,DUO,LV,RA
chr5	40718300	40718800	TRO	H1,IMR90,AD,HIP,H1MSC,LG,LV,PA,PO,RA
chr5	44424500	44424800	MSC	H1,MES,NPC,AD,HIP,AC,CG,ITL,MFL,DUO,LIV,LV,OV,PA,PO,SG
chr5	53788400	53788400	IMR90,CG,H1MSC	LV,PO,RA,SV
chr5	64434800	64434900	MES	AC,DUO,H1MSC,GA,LG,LIV,LV,PA,RA,SV,SB,TH
chr5	66290900	66290900	H1,MES,TRO,MSC,LG,LIV,SB	IMR90,AD,AO,HIP,AC,CG,ITL,MFL,DUO,LV,OV,RA
chr5	79021100	79021600	SB	AC,ITL,MFL,DUO,H1MSC,GA,LIV,LV,OV,PO,RA,SV
chr5	126437200	126437299	MES	AD,AO,HIP,CG,ITL,DUO,H1MSC,GA,LG,LIV,LV,OV,PA,PO,RA,SV,SB,SG,TH
chr5	128824700	128824700	LG	H1,MES,NPC,TRO,MSC,AD,HIP,CG,ITL,MFL,DUO,GA,LV,PA,SV,SB,SG
chr5	134908000	134907900	TRO	AD,HIP,AC,CG,DUO,GA,LIV,LV,PO,RA,SG,SX
chr5	137166900	137166800	LIV	AD,LV,SV
chr5	138767800	138767599	SB	NPC,IMR90,HIP,AC,CG,ITL,MFL,DUO,LV,OV,PA,PO,RA,TH
chr5	138822300	138821984	H1,MES,TRO,MSC,IMR90,GA	LG,LV,RA
chr5	138842000	138842100	MES,TRO,MSC	IMR90,AD,HIP,AC,DUO,H1MSC,LG,LV,OV,RA,SB,SG,TH
chr5	138877900	138878200	MES,MSC,LG	HIP,AC,CG,ITL,MFL,LV,PO,TH
chr5	148786000	148785700	TRO,AD,LG,OV,SG,SX	LV,RA
chr5	154210400	154210293	MES,TRO	IMR90,AD,AO,HIP,AC,CG,ITL,MFL,DUO,LG,LV,OV,RA
chr5	157091600	157091300	SB	NPC,IMR90,AD,HIP,AC,CG,ITL,MFL,DUO,H1MSC,GA,LIV,LV,OV,PA,PO,RA,SV,SG,TH
chr5	159730300	159730378	SB	AO,HIP,AC,CG,ITL,MFL,DUO,LV,OV,RA
chr5	167294500	167294600	AD	LV,SV
chr5	174084200	174084506	SB	H1,MES,TRO,IMR90,AD,HIP,CG,MFL,DUO,H1MSC,GA,LG,LV,OV,PA,PO,RA,SG,SX
chr6	4971400	4971900	NPC	AD,HIP,AC,CG,ITL,MFL,DUO,LV,OV,PA,PO,RA
chr6	19913079	19913100	SB	IMR90,HIP,CG,ITL,DUO,GA,LIV,LV,PA,PO,RA,SV,SG
chr6	27868000	27867900	SB	H1,MES,NPC,TRO,IMR90,AO,HIP,AC,CG,ITL,MFL,DUO,GA,LIV,LV,OV,RA,TH
chr6	28459400	28459300	SB	DUO,GA,LIV,LV,PA,RA,SG
chr6	29828600	29828900	SB	IMR90,AD,HIP,AC,CG,ITL,MFL,DUO,H1MSC,LG,LIV,LV,OV,PA,RA
chr6	30041500	30041500	H1,MES,NPC,TRO,MSC,H1MSC,LG,PA,SG	AC,CG,DUO,LIV,LV,RA,SV,TH
chr6	30178100	30178300	TRO,MSC,LG	H1,HIP,AC,CG,ITL,MFL,DUO,LV,PO,RA,TH
chr6	30702600	30703079	LG	MES,NPC,TRO,MSC,IMR90,HIP,ITL,MFL,DUO,H1MSC,LV,OV
chr6	32299600	32299200	AO,GA,SG,TH	LG,LV
chr6	33157100	33156600	AD,LG,LIV,TH	H1,NPC,HIP,AC,CG,MFL,DUO,H1MSC,GA,LV,RA
chr6	33281000	33280900	AO	H1,NPC,MSC,AD,HIP,AC,CG,ITL,MFL,DUO,H1MSC,GA,LG,LIV,LV,OV,PA,PO,SB,SG,SX,TH
chr6	33289900	33289578	LG,SB	H1,MES,NPC,IMR90,HIP,AC,ITL,MFL,DUO,LV,RA
chr6	35394300	35394200	SB	IMR90,CG,MFL,DUO,GA,LIV,LV,OV,PO,RA
chr6	39897400	39897200	MES,IMR90,DUO,H1MSC,GA,OV,SB	LV,PO
chr6	41104200	41103900	LG	H1,MES,DUO,H1MSC,LV,OV,PA,PO,RA,SG,TH
chr6	41129400	41129800	TRO,AD,GA,PA,SB	LV,PO
chr6	42802600	42803000	H1	HIP,AC,CG,ITL,MFL,DUO,LV,OV,PO,RA,TH
chr6	43036600	43036500	IMR90,LG	H1,CG,ITL,MFL,DUO,H1MSC,GA,LIV,LV,OV,PA,SX
chr6	43384800	43384600	TRO,MSC,GA,LG,SB	NPC,LV
chr6	53993000	53993400	LIV	LV,RA,SV
chr6	91377800	91377600	SB	H1,MES,NPC,AD,AO,HIP,AC,CG,ITL,MFL,DUO,H1MSC,GA,LIV,LV,OV,PO,RA,SG,TH
chr6	101957100	101957100	TRO,GA	H1,NPC,IMR90,HIP,AC,CG,LV
chr6	125726500	125726500	LG	AC,MFL,LV,OV
chr6	136400200	136400100	LG,SB,SG,SX,TH	LV
chr6	138935100	138934800	TRO,SB	NPC,IMR90,AO,AC,DUO,GA,LV,OV,RA
chr7	960400	960700	MSC	H1,AD,AO,HIP,CG,ITL,MFL,DUO,H1MSC,GA,LIV,LV,OV,PA,PO,RA,SB,SG
chr7	22570000	22569925	H1,MES,TRO,MSC,IMR90,AD,H1MSC,LG,OV,PA	HIP,AC,LV
chr7	23254100	23253900	TRO,LG,SB	AD,HIP,AC,MFL,DUO,H1MSC,LV,OV,RA,SV
chr7	32305700	32305200	MSC,LG	H1,MES,NPC,HIP,AC,CG,ITL,DUO,LV,PA,PO,RA
chr7	44071400	44071300	MES,NPC,TRO,IMR90,AD,AO,HIP,H1MSC,GA,OV,SG,TH	LV,PO,RA
chr7	49785700	49785300	MSC	H1,MES,NPC,AC,ITL,MFL,DUO,H1MSC,GA,LV,OV,PA,PO,RA,SV,SG
chr7	63986700	63986800	MSC	H1,NPC,HIP,AC,CG,ITL,MFL,DUO,GA,LG,LIV,LV,OV,PA,PO,RA,SB,SG
chr7	70235500	70235600	MSC	MES,TRO,AD,AO,HIP,AC,CG,ITL,DUO,H1MSC,LG,LV,OV,PA,RA,SV,SG,SX
chr7	75750000	75749600	LG	H1,MES,NPC,IMR90,AD,H1MSC,GA,LIV,LV,OV,PA,PO,RA,SB,SG
chr7	78237000	78237500	TRO	H1,MES,AO,HIP,AC,CG,ITL,MFL,DUO,LV,OV,PO,RA
chr7	107089400	107089336	TRO,MSC	H1,AD,HIP,AC,CG,ITL,MFL,DUO,GA,LIV,LV,OV,PA,PO,RA,SV,SG
chr7	115939900	115939400	NPC,TRO,MSC,IMR90,SB	AC,DUO,LIV,LV,PO,RA
chr7	123085800	123086000	MES,LIV	LV,PO,RA
chr7	148613400	148613600	AO	H1,NPC,HIP,AC,CG,ITL,MFL,DUO,GA,LV,OV,PA,RA,SX
chr7	148751000	148750800	IMR90	H1,HIP,AC,CG,DUO,H1MSC,GA,LIV,LV,OV,PA,PO,SB,TH
chr7	150128600	150128800	TRO	H1,AC,CG,ITL,DUO,GA,LIV,LV,OV,PO,RA,SV,SB,SG
chr7	151064700	151064300	H1,MES,NPC,TRO,MSC,AD,H1MSC,GA,LG,LIV,PA,PO,SB,SG	LV,RA,SV
chr7	157054700	157054500	H1,MES,SB	AD,HIP,AC,CG,ITL,MFL,DUO,H1MSC,GA,LG,LIV,LV,OV,RA
chr8	27239700	27239400	NPC	MES,AD,HIP,AC,CG,ITL,MFL,DUO,H1MSC,GA,LG,LV,PA,PO,RA,SB,SG,TH
chr8	33577000	33577000	LG	AD,HIP,AC,CG,ITL,MFL,DUO,LV,OV,PA,PO,RA,SV
chr8	41744500	41744400	LG,SB	H1,MES,NPC,AO,HIP,CG,ITL,MFL,GA,LV,PO,RA
chr8	52884800	52884300	H1,MSC,IMR90	LV,RA
chr8	55529500	55529400	TRO,MSC,AO,HIP,H1MSC,GA,SB	MES,LG,LV,RA
chr8	55534100	55534300	TRO	MES,AD,H1MSC,GA,LG,LV,PO,SV,SX
chr8	67945800	67946000	MES,MSC,SB	HIP,AC,CG,ITL,MFL,DUO,LV,PO,RA
chr8	80966300	80966500	IMR90,LG	AD,AC,MFL,DUO,H1MSC,GA,LIV,LV,PA,PO,RA
chr8	102208200	102208300	LG	H1,MES,NPC,TRO,AD,HIP,AC,CG,ITL,MFL,DUO,H1MSC,GA,LV,PA,PO,RA,SB,SG
chr8	107851400	107851200	AO	LV,PO,RA,SV
chr8	120498100	120498300	TRO,SB	H1,MES,NPC,AD,HIP,AC,CG,ITL,MFL,DUO,LG,LV,RA
chr8	143818300	143817900	AO	NPC,IMR90,AC,CG,ITL,MFL,DUO,GA,LG,LV,OV,PO,RA,TH
chr8	143856000	143856000	AD,LG	NPC,HIP,AC,CG,ITL,MFL,DUO,H1MSC,LIV,LV,OV,PO
chr8	144192100	144192100	TRO,H1MSC	MES,IMR90,AD,AO,HIP,AC,CG,ITL,MFL,DUO,LG,LV,PA,RA
chr8	144707000	144706700	AO	H1,MES,NPC,TRO,IMR90,DUO,GA,LV,OV,PA,PO,SB,SG
chr8	145187900	145187700	IMR90	LIV,LV,PA,PO,SV
chr8	145508700	145508900	IMR90,AO,CG,H1MSC,GA,PA,SG	LIV,LV,RA
chr9	684400	684600	H1,MES,TRO,MSC,AD,H1MSC,LG,PA,SX,TH	HIP,AC,CG,ITL,LV
chr9	2232300	2232500	H1,MSC,SB	IMR90,AD,AO,HIP,AC,CG,ITL,MFL,DUO,H1MSC,GA,LV,OV,PO,RA,SG
chr9	5440700	5440800	H1	IMR90,AD,AO,HIP,AC,CG,ITL,MFL,DUO,H1MSC,GA,LG,LIV,LV,OV,PA,PO,RA,SV,SB,SG,TH
chr9	33437200	33437300	TRO,MSC,AO	HIP,DUO,H1MSC,GA,LG,LIV,LV,PA,SG
chr9	34580400	34580100	MSC	H1,MES,NPC,AD,HIP,MFL,DUO,GA,LIV,LV,OV,PA,SG
chr9	34985000	34984900	H1,MES,IMR90,AD,HIP,AC,CG,ITL,MFL,H1MSC,GA,LIV,OV,PA,SB,TH	LV,SV
chr9	100746100	100746500	TRO	NPC,IMR90,AD,AO,AC,DUO,H1MSC,GA,LV,OV,PA,PO,RA,SV,SG
chr9	115266600	115266100	MSC,LG	DUO,GA,LV,PA,SG
chr9	122671400	122671100	AO,SB	IMR90,HIP,AC,CG,ITL,MFL,DUO,LV,OV,PA,PO,TH
chr9	123370100	123369700	TRO,H1MSC,GA	DUO,LV
chr9	123546800	123546300	H1,MES,NPC,TRO,H1MSC,TH	DUO,LIV,LV,SG
chr9	129537600	129537300	AO	NPC,TRO,IMR90,AD,HIP,AC,CG,ITL,MFL,DUO,H1MSC,LV,OV,PA,PO,TH
chr9	129678100	129677700	AD	LV
chr9	131412600	131413000	LG	LV,PO
chr9	131690600	131690600	NPC,IMR90,CG	LV,TH
chr9	133155600	133155600	H1,MES,NPC,IMR90,GA	AD,HIP,AC,CG,ITL,MFL,DUO,LV,OV,PO,RA,SV
chr9	135140500	135140600	TRO	H1,AD,DUO,H1MSC,GA,LG,LV,OV,PA,RA,SB,SG
chr9	138369000	138368500	IMR90,AD,AO,GA,OV,PA,RA,SV	LV
chr9	138414100	138414500	AO	H1,MES,NPC,TRO,MSC,IMR90,AD,HIP,AC,CG,ITL,MFL,DUO,H1MSC,GA,LG,LIV,LV,OV,PA,PO,RA,SV,SB,SG,SX,TH
chr9	138815000	138814700	MSC,AD,AO,LG	H1,NPC,TRO,HIP,CG,ITL,MFL,LV,SB,SG,TH
chr10	4858700	4858700	SB	AC,MFL,LV,OV,PO,RA,SG
chr10	5126900	5127000	H1	AD,AO,HIP,AC,DUO,GA,LIV,LV,PO,RA,SG,TH
chr10	5775200	5774806	LG	H1,NPC,TRO,AD,HIP,AC,CG,ITL,MFL,DUO,H1MSC,GA,LV,OV,RA,SB,SG
chr10	11248700	11248800	TRO	H1,NPC,AO,HIP,AC,CG,DUO,H1MSC,GA,LIV,LV,OV,PO,RA,SB,SX,TH
chr10	33335000	33334706	H1,MES,TRO,MSC,H1MSC,LG,SB	IMR90,DUO,LIV,LV,RA
chr10	35524700	35525100	MES,TRO,MSC,H1MSC,LG,SX	IMR90,AD,AO,HIP,AC,CG,ITL,MFL,DUO,LV,OV,RA,SV,TH
chr10	43178100	43178006	IMR90,AO	H1,NPC,AD,HIP,AC,CG,ITL,MFL,DUO,H1MSC,GA,LV,OV,PA,PO,SB,SG,TH
chr10	43236000	43236300	MES	IMR90,HIP,AC,CG,ITL,MFL,DUO,H1MSC,LV,OV,PA,PO,RA,SG,TH
chr10	49533900	49534300	TRO,AO,LG	IMR90,HIP,AC,CG,ITL,MFL,DUO,LIV,LV,PA,PO
chr10	71232400	71232500	TRO,LG	H1,MES,NPC,MSC,IMR90,AD,AC,ITL,MFL,DUO,H1MSC,GA,LV,OV,PA,PO,RA,SV,SG
chr10	91143300	91143100	NPC,TRO,MSC	IMR90,AD,AO,HIP,AC,CG,ITL,MFL,DUO,GA,LG,LIV,LV,OV,PA,PO,RA,SG
chr10	91284900	91285400	H1MSC,LG	H1,MES,MSC,GA,LV,PA,PO,RA,SV
chr10	100165300	100164800	MES,NPC	MSC,IMR90,AD,AC,MFL,DUO,LG,LV,OV
chr10	103042600	103042100	LG	H1,MES,NPC,MSC,AD,HIP,AC,CG,ITL,MFL,DUO,LIV,LV,OV,PA,PO,RA,SV,SG
chr10	112827200	112827200	TRO	H1,MES,NPC,MSC,AD,HIP,AC,CG,ITL,MFL,DUO,H1MSC,GA,LG,LIV,LV,OV,PA,PO,RA,SV,SG
chr10	116433500	116433600	HIP,MFL,DUO,OV	H1MSC,LG,LV,RA,SV
chr10	123744800	123744900	TRO,DUO,H1MSC,GA,LIV,PA,SB,SG,TH	LV,PO
chr10	124629100	124629300	H1	IMR90,HIP,AC,CG,ITL,MFL,DUO,H1MSC,GA,LG,LIV,LV,OV,PA,PO,RA,SB,SG,SX,TH
chr11	397300	397000	AO,LG	HIP,AC,CG,ITL,MFL,DUO,LIV,LV,OV,PO,RA
chr11	494200	494700	TH	AD,DUO,H1MSC,LV,OV,RA,SV,SB,SG
chr11	5602900	5602976	H1,TRO	IMR90,AD,AO,HIP,AC,CG,MFL,DUO,H1MSC,GA,LG,LIV,LV,OV,PA,PO,RA,SB,SG,TH
chr11	5663000	5662700	MSC	IMR90,AC,DUO,GA,LG,LIV,LV,OV,PA,RA,SB,SG,TH
chr11	8147500	8147200	MSC	H1,MES,NPC,AD,HIP,AC,CG,ITL,MFL,DUO,H1MSC,GA,LG,LIV,LV,OV,PA,PO,RA,SV,SB,SX
chr11	8666800	8667300	MES	NPC,IMR90,AD,HIP,AC,CG,ITL,MFL,DUO,H1MSC,GA,LG,LIV,LV,OV,PA,PO,RA,SB,SG,TH
chr11	8788700	8788500	TRO,MSC	NPC,IMR90,AD,HIP,AC,CG,ITL,MFL,DUO,H1MSC,GA,LV,OV,PA,PO,RA,SV,SB,SG
chr11	9592200	9592400	MSC,LG	MES,HIP,AC,ITL,MFL,DUO,H1MSC,GA,LIV,LV,PA,PO,SG
chr11	19177400	19177300	GA,PO	LV,RA
chr11	19179200	19179100	IMR90,AD,PO,SB,SG	LV,RA,SV
chr11	26972500	26972800	TRO	IMR90,AO,HIP,AC,CG,ITL,MFL,DUO,H1MSC,LIV,LV,OV,PA,PO,RA,SV,SG
chr11	47330200	47330300	H1,MES,AD,GA,PA,PO	LV,RA,SV
chr11	60449100	60449100	AO	H1,MES,NPC,TRO,IMR90,AD,HIP,AC,CG,ITL,MFL,H1MSC,GA,LG,LV,OV,PO,RA,SB,SG,SX
chr11	60476400	60475900	TRO	H1,AD,AC,CG,MFL,H1MSC,GA,LG,LIV,LV,OV,RA,SV,SB
chr11	61112200	61112300	MSC,CG	H1,TRO,MFL,LV,PO,RA,SG
chr11	62233600	62233800	MSC	H1,NPC,IMR90,AD,HIP,AC,CG,ITL,MFL,H1MSC,GA,LIV,LV,OV,PA,PO,RA,SB,TH
chr11	62366900	62366500	MES,NPC,AD	HIP,AC,CG,ITL,MFL,DUO,LIV,LV,OV,PO,RA,TH
chr11	64942900	64943176	NPC,TRO,MSC	H1MSC,LV
chr11	64979000	64979300	MSC	IMR90,HIP,AC,CG,ITL,MFL,DUO,H1MSC,LV,OV,PO,RA,TH
chr11	65064700	65064800	AO	H1,NPC,TRO,IMR90,AD,HIP,AC,CG,ITL,MFL,DUO,H1MSC,LIV,LV,OV,PA,PO,SG,TH
chr11	65176900	65177200	AO	H1,NPC,HIP,CG,H1MSC,LIV,LV,OV,PO,SB,TH
chr11	72110500	72110448	H1,MES,TRO	IMR90,AD,AO,HIP,AC,CG,ITL,MFL,H1MSC,GA,LIV,LV,OV,PA,PO,RA,SV,SB,SG,TH
chr11	73168400	73168300	MSC,LG	IMR90,HIP,AC,CG,ITL,MFL,DUO,LV,OV,PO,RA,TH
chr11	84312000	84311700	H1,MES,TRO	HIP,AC,CG,ITL,MFL,LV,RA
chr11	103539700	103540000	SB	H1,MES,NPC,TRO,IMR90,HIP,AC,CG,ITL,MFL,DUO,LV,OV,PA,RA,SV,SG
chr11	111551700	111551700	H1,IMR90,LG,SB	AD,HIP,AC,CG,ITL,MFL,DUO,LIV,LV,RA,SV
chr11	115036000	115035700	TRO,LG	H1,NPC,AC,DUO,LV,RA
chr11	124115200	124115500	TRO,MSC	NPC,IMR90,HIP,AC,CG,ITL,MFL,DUO,GA,LG,LV,OV,PO,RA,SB
chr11	128281100	128281000	TRO,LG	H1,MES,AD,AO,AC,GA,LIV,LV,OV,PA,RA,SB,SG,TH
chr12	6099700	6100200	MES	LV,RA
chr12	6813300	6813300	AD	LV
chr12	10197700	10197700	IMR90	NPC,HIP,AC,CG,ITL,MFL,GA,LIV,LV,OV,PA,RA,SV,TH
chr12	10408600	10408800	H1,MES,TRO	IMR90,AD,AO,HIP,AC,CG,ITL,MFL,DUO,LIV,LV,OV,PA,PO,RA,SG,TH
chr12	12740500	12740967	SX	MES,TRO,IMR90,AD,AO,HIP,AC,CG,ITL,MFL,DUO,GA,LIV,LV,OV,PA,PO,RA,SV,SB,SG,TH
chr12	19083500	19083100	OV	LV
chr12	38299700	38299800	MSC	AD,AO,HIP,AC,CG,ITL,MFL,DUO,GA,LIV,LV,OV,PO,RA,SV,SB,SG,TH
chr12	45511900	45511767	LG	H1,NPC,H1MSC,GA,LIV,LV,PA,PO,RA,SV
chr12	50690400	50690200	MES,NPC,TRO,MSC,IMR90,H1MSC,LIV,PA,SG	LV,RA
chr12	52173600	52173100	SB	H1,MES,TRO,AD,HIP,AC,CG,ITL,MFL,DUO,LV,OV,PA,PO,RA,SG,TH
chr12	56312700	56313100	MSC	H1,NPC,AD,HIP,AC,CG,ITL,MFL,DUO,LIV,LV,PO,RA,SB,SG
chr12	56418100	56418200	TRO,MSC,LG	H1,MES,NPC,HIP,CG,ITL,LV,OV,PO,RA
chr12	56616300	56616300	MES	IMR90,AO,HIP,AC,CG,ITL,MFL,DUO,LIV,LV,OV,PO,RA,SV,TH
chr12	61312300	61312500	MES	AD,AO,HIP,AC,CG,ITL,MFL,DUO,GA,LG,LIV,LV,OV,PA,PO,RA,SV,SB,SG
chr12	64869400	64869800	MSC	AD,AO,HIP,AC,CG,MFL,DUO,GA,LG,LIV,LV,OV,PO,RA,SV,SB,SG
chr12	109840000	109840000	TRO	LV
chr12	109842200	109841900	H1,PO	LV,SV
chr12	117112000	117111900	H1,MES,NPC,MSC,H1MSC,GA,LG,SB	IMR90,AO,HIP,AC,CG,MFL,DUO,LV,OV,PO,RA
chr12	118516600	118516983	TRO	H1,MES,NPC,ITL,LV,PO,RA
chr12	123439800	123439300	TH	MES,TRO,IMR90,AD,HIP,AC,CG,ITL,MFL,DUO,GA,LIV,LV,PA,PO,RA,SV,SG
chr12	131690400	131690900	AO,LG,PA,SB	LIV,LV
chr13	19634000	19633500	LG	H1,MES,NPC,IMR90,H1MSC,GA,LIV,LV,PO,RA,SV,SG,SX,TH
chr13	23451900	23452200	SB	NPC,IMR90,HIP,AC,CG,ITL,MFL,DUO,GA,LG,LV,OV,PA,PO,RA,SV
chr13	29867700	29867600	H1,SB	IMR90,AD,AO,HIP,AC,CG,ITL,MFL,DUO,GA,LG,LIV,LV,OV,PA,PO,RA,SG,TH
chr13	33148900	33148800	SB	AD,AO,HIP,AC,CG,ITL,DUO,GA,LIV,LV,OV,PA,PO,RA,SV,SG
chr13	36146900	36146600	PA,SG	H1,NPC,HIP,CG,ITL,MFL,LV
chr13	47884800	47884600	H1	IMR90,AD,AO,HIP,AC,CG,ITL,MFL,DUO,GA,LG,LIV,LV,OV,PA,PO,RA,SV,SB,SG,TH
chr13	51878200	51878300	TRO	IMR90,HIP,AC,CG,ITL,MFL,DUO,H1MSC,GA,LG,LIV,LV,PO,RA,SV
chr13	60887400	60887000	AD	H1,MES,NPC,AO,HIP,AC,CG,ITL,MFL,DUO,GA,LIV,LV,RA,SV,SB,SG
chr13	99108100	99108600	MES,NPC,MSC,SB	HIP,AC,CG,ITL,MFL,DUO,GA,LIV,LV,OV,RA,TH
chr13	101851600	101851600	MSC	H1,MES,NPC,AD,AC,CG,DUO,H1MSC,GA,LG,LIV,LV,PA,PO,RA,SV,SG
chr13	112855900	112856101	TRO,MSC,AO,LG,PA	H1,AD,HIP,AC,CG,ITL,MFL,DUO,GA,LIV,LV,OV,PO,RA
chr14	22947000	22946600	AO	LV,RA,SV
chr14	22967900	22968300	SV	LV
chr14	22971000	22971100	NPC,HIP,AC,CG,ITL,MFL,PO	LV
chr14	23873800	23873840	MSC,TH	AD,MFL,DUO,H1MSC,GA,LG,LV,PO,RA,SV,SG
chr14	31100500	31100700	SX	NPC,TRO,IMR90,AD,AO,HIP,AC,CG,H1MSC,LG,LIV,LV,OV,PA,SV,SB
chr14	33599200	33599400	SB	H1,NPC,TRO,AD,HIP,AC,CG,ITL,MFL,DUO,H1MSC,GA,LG,LV,PA,PO,RA,SG,TH
chr14	50397200	50396900	H1,NPC	AD,AO,HIP,AC,CG,ITL,MFL,DUO,LV,OV,PO,RA,TH
chr14	61287400	61287400	TRO,MSC,SB	IMR90,AO,HIP,AC,MFL,DUO,GA,LV,OV,PA,PO,RA,SV,TH
chr14	63831300	63831100	TRO,LG	AD,HIP,AC,CG,ITL,MFL,DUO,GA,LV,OV,PO,RA,TH
chr14	73389000	73388500	MSC	H1,MES,NPC,TRO,IMR90,AD,CG,MFL,DUO,LG,LIV,LV,OV,PO
chr14	80972700	80972400	MSC	H1,MES,NPC,TRO,AD,HIP,AC,CG,ITL,MFL,DUO,H1MSC,GA,LG,LIV,LV,OV,PA,PO,RA,SV,SB,SG,SX,TH
chr15	19349000	19348500	AD,AO,GA,PA,SB	H1,MES,NPC,LV,PO
chr15	36152700	36152700	MSC	AD,HIP,AC,CG,ITL,MFL,DUO,H1MSC,GA,LIV,LV,OV,PA,PO,RA,SV,SG
chr15	38591400	38591100	TRO	HIP,AC,CG,ITL,MFL,DUO,H1MSC,LIV,LV
chr15	47043200	47043200	TRO,LG	H1,MES,NPC,IMR90,AD,HIP,AC,CG,ITL,MFL,DUO,GA,LV,OV,PO,RA,SV,SG
chr15	49421900	49421600	MSC,GA,LIV	HIP,AC,CG,ITL,MFL,LV
chr15	50870100	50870100	LG	H1,MES,NPC,TRO,AD,HIP,AC,CG,ITL,MFL,DUO,GA,LIV,LV,OV,PO,RA,SG,TH
chr15	56145300	56145200	MSC	H1,NPC,TRO,AD,DUO,GA,LG,LV,OV,PA,PO,RA,SG,TH
chr15	67542100	67542500	MES,NPC,TRO,MSC	IMR90,AD,HIP,AC,CG,ITL,MFL,DUO,H1MSC,LIV,LV,OV,PA,PO,RA,SG
chr15	72209653	72210153	H1MSC,LG,SG	AC,ITL,MFL,LV
chr15	72678400	72678400	H1,MES,NPC	IMR90,HIP,AC,CG,ITL,MFL,DUO,H1MSC,GA,LV,OV,PA,PO,RA,SV,SB,SG,TH
chr15	83964900	83965200	H1,NPC,TRO,LIV	IMR90,AD,AO,HIP,AC,CG,ITL,MFL,DUO,GA,LV,OV,RA,SV
chr15	89229100	89229300	MES	AD,HIP,AC,MFL,DUO,H1MSC,GA,LG,LIV,LV,OV,PA,PO,RA,SB,SG
chr15	89444400	89444704	TRO,MSC	H1,NPC,AD,HIP,AC,CG,ITL,MFL,DUO,LIV,LV,PA,PO,RA,SG
chr15	90738400	90738700	MSC,LG,PA,SB	H1,MES,NPC,TRO,ITL,DUO,LV,PO,RA,SV,TH
chr15	91432600	91432600	TRO	H1,MES,NPC,AD,HIP,AC,CG,ITL,MFL,DUO,H1MSC,GA,LIV,LV,OV,PO,RA,SV,TH
chr15	94680300	94680200	H1	AD,AC,DUO,H1MSC,GA,LIV,LV,OV,RA,SB
chr15	97227600	97227100	H1,MES,NPC,TRO	IMR90,AD,HIP,AC,CG,ITL,MFL,DUO,LG,LV,OV,PO,RA,SG,TH
chr16	674500	674500	AO	H1,MES,NPC,TRO,MSC,IMR90,AD,HIP,AC,CG,ITL,MFL,DUO,H1MSC,GA,LIV,LV,OV,PA,PO,RA,SV,SG,TH
chr16	1944500	1944500	GA,PA	LV,PO,SV
chr16	2858600	2858600	LG	HIP,AC,CG,ITL,MFL,H1MSC,LIV,LV,OV,PA,PO,SB
chr16	7324900	7324700	TRO	LV,PO,SV
chr16	21196800	21197200	MSC	AC,ITL,MFL,LV,RA
chr16	29730900	29731200	LG	H1,CG,DUO,H1MSC,LV,OV,PA,PO,RA,SB,SG,TH
chr16	47874200	47873901	MSC	H1,MES,NPC,TRO,HIP,AC,CG,ITL,MFL,DUO,GA,LIV,LV,OV,PA,PO,RA,SG
chr16	53916500	53916300	AO,H1MSC,GA	H1,MES,NPC,LV,PO
chr16	65605500	65605700	LG	HIP,AC,CG,ITL,MFL,DUO,H1MSC,LV,OV,PO,RA
chr16	76380701	76380600	MSC,LG	H1,MES,NPC,IMR90,AD,HIP,AC,CG,ITL,MFL,DUO,LV,RA,SG
chr16	85167600	85167700	GA,SB	MES,IMR90,LV,PO
chr16	87280500	87280201	TRO,MSC,LG	H1,AD,HIP,AC,DUO,H1MSC,GA,LIV,LV,PA,PO,RA,SB,SG,TH
chr17	260300	260700	AO	H1,NPC,TRO,IMR90,AD,HIP,AC,CG,ITL,MFL,DUO,H1MSC,GA,LG,LV,OV,PA,PO,RA,SV,SB,SG,TH
chr17	1037000	1037400	H1,NPC,TRO,MSC,IMR90,AD,AO,H1MSC,LG,LIV,OV,PA,PO,SV,SG	LV
chr17	4795800	4796300	AO,GA,LG	LV
chr17	6864500	6864100	H1	AD,AO,HIP,AC,CG,ITL,MFL,DUO,H1MSC,LG,LIV,LV,OV,PA,PO,RA,SV,SB,SG
chr17	14154100	14153600	SB	H1,MES,TRO,IMR90,AD,HIP,AC,CG,ITL,DUO,H1MSC,GA,LIV,LV,OV,PA,PO,RA,SX
chr17	15494525	15495025	H1,MES,TRO,TH	IMR90,AD,HIP,AC,CG,H1MSC,GA,LG,LV,PO,RA,SV,SG
chr17	16259500	16260000	H1,MES	IMR90,AD,MFL,H1MSC,GA,LG,LIV,LV,OV,PA,PO,RA,SV,SB,SG,TH
chr17	30838700	30838800	TRO	DUO,H1MSC,GA,LV,OV,PO,RA,SG,TH
chr17	37076200	37076126	MSC,AO,LG	NPC,AD,HIP,AC,CG,ITL,MFL,DUO,H1MSC,GA,LIV,LV,OV,PA,PO,RA
chr17	38167500	38167100	AO	H1,AD,HIP,AC,CG,MFL,DUO,H1MSC,GA,LG,LV,OV,PA,PO,RA
chr17	38412600	38412700	H1,MES,TRO	AC,ITL,MFL,DUO,GA,LV,SB
chr17	39092900	39093300	GA,SB,TH	LV,PO
chr17	39281900	39281600	LG	LV,RA
chr17	40577900	40577600	NPC,IMR90,AO,LG	H1,HIP,MFL,DUO,H1MSC,LV,OV,PO,RA,SB,TH
chr17	43253800	43254199	AO	NPC,TRO,IMR90,HIP,AC,CG,ITL,MFL,DUO,H1MSC,GA,LG,LV,OV,PA,PO,RA,SB,SG,TH
chr17	43469900	43470000	LG	IMR90,AD,AC,CG,MFL,H1MSC,GA,LIV,LV,OV,PA,PO,RA,SV,SB,SG,SX
chr17	45966100	45966100	MES,NPC,IMR90,DUO,PO,TH	H1,TRO,MFL,H1MSC,GA,LV,PA,SB,SG
chr17	69151800	69152100	MSC	H1,MES,NPC,TRO,AD,AO,AC,CG,ITL,MFL,DUO,H1MSC,GA,LG,LV,OV,PA,PO,RA,SV,SB,SG,TH
chr17	73549000	73549000	LG,SB	IMR90,HIP,AC,CG,ITL,MFL,DUO,H1MSC,LV,OV,PO,RA
chr17	74244300	74244300	MES,TRO,IMR90,AD,LIV	DUO,H1MSC,GA,LV,PA,RA,SB,SG,TH
chr17	77462692	77462500	AO	H1,MES,NPC,TRO,IMR90,AD,AC,MFL,DUO,H1MSC,GA,LIV,LV,OV,PA,SV,SB,SG,TH
chr18	3245300	3245600	PO	LV,RA,SV
chr18	11937700	11938000	MES,MSC,IMR90	HIP,AC,CG,MFL,DUO,GA,LV,OV,PO,RA,SV,TH
chr18	12269300	12269100	H1,MES,NPC,TRO,MSC,HIP,CG,GA,LG,LIV,SB,SG	DUO,LV,OV,RA
chr18	12278500	12278200	LG,SB	NPC,IMR90,CG,ITL,MFL,DUO,H1MSC,LV,RA
chr18	31784500	31784500	MSC	H1,MES,TRO,DUO,LV,RA
chr18	58415400	58415000	MSC,AD,LG	HIP,AC,CG,ITL,MFL,LV
chr18	71045988	71046100	TRO,MSC	H1,MES,IMR90,AD,HIP,AC,ITL,MFL,DUO,H1MSC,GA,LV,OV,PO,RA,SV,SB,SG
chr18	71297200	71297100	SB	HIP,AC,CG,DUO,GA,LIV,LV,RA,SV
chr19	734000	733700	MES,NPC,TRO,MSC,IMR90,AO,H1MSC,GA,LIV,OV,SB,SG	LV,PA
chr19	992100	991700	AO	H1,NPC,TRO,HIP,AC,CG,ITL,MFL,DUO,H1MSC,LV,PA,PO,RA,SB,SG,TH
chr19	2446300	2445900	AO,LG	NPC,IMR90,AD,HIP,AC,CG,ITL,MFL,DUO,H1MSC,LV,OV,PA,PO,RA,SG
chr19	3557900	3557700	TRO	H1,IMR90,HIP,AC,CG,ITL,MFL,DUO,LG,LV,OV,PO,SV,SB
chr19	3884600	3884500	TRO,GA,PO	H1,MES,LV
chr19	5638000	5638100	AD	MFL,DUO,LV,PO,TH
chr19	10807700	10807800	AO	H1,NPC,TRO,IMR90,AD,HIP,AC,CG,ITL,MFL,DUO,H1MSC,LG,LIV,LV,PO,RA,SB,TH
chr19	11646000	11646100	SG	HIP,AC,CG,ITL,MFL,LG,LV,RA
chr19	15195400	15195700	AO,LG	H1,MES,NPC,HIP,AC,CG,ITL,MFL,DUO,LV,OV,PO
chr19	16998600	16998300	MSC,PA	H1,MES,NPC,LV
chr19	17236400	17235900	H1,MES,TRO	LV,RA,SV
chr19	17377200	17377400	TRO,IMR90	AC,CG,H1MSC,GA,LIV,LV,PO,TH
chr19	33977200	33976700	TRO	NPC,LV,RA,SV
chr19	39003200	39003100	TRO,MSC,IMR90,AO,GA,LG,SB	DUO,LV,OV
chr19	40431400	40431800	MSC	H1,MES,NPC,TRO,AD,AC,CG,ITL,MFL,DUO,H1MSC,LG,LIV,LV,OV,PA,PO,RA,SV,SG,TH
chr19	43435500	43435600	H1,MES,TRO,LIV	DUO,LV,RA
chr19	43439000	43438900	MSC,IMR90	H1,AD,AO,HIP,AC,CG,ITL,MFL,DUO,LG,LV,OV,PA,PO,RA,SV,SB,SG
chr19	45803200	45803000	AO	H1,MES,HIP,CG,ITL,MFL,DUO,H1MSC,LV,OV,PA,PO,SG,TH
chr19	47593400	47593400	LG	H1,MES,NPC,TRO,IMR90,HIP,AC,CG,ITL,MFL,DUO,H1MSC,LV,OV,PA,PO,RA,SV,SG,TH
chr19	50518600	50519100	H1,MES,MSC,IMR90,GA,LG,PA	LV,PO,RA
chr19	51211500	51211600	TRO	NPC,AD,HIP,AC,CG,ITL,MFL,DUO,H1MSC,GA,LG,LIV,LV,OV,PO,RA,SV,SG,SX,TH
chr19	53559500	53559000	AO	H1,TRO,IMR90,AD,HIP,AC,CG,ITL,MFL,DUO,H1MSC,LIV,LV,OV,PA,PO,RA,SV,SB,SG,TH
chr19	53675900	53676100	IMR90,LG	HIP,ITL,MFL,DUO,H1MSC,LV,OV,PA,PO,RA,SB,TH
chr19	53841000	53841000	TRO	H1,MES,NPC,AD,HIP,AC,CG,ITL,MFL,DUO,H1MSC,GA,LV,OV,PA,PO,TH
chr19	53947900	53947800	IMR90,AO	H1,MES,NPC,MFL,GA,LG,LV,PA,RA
chr19	54670000	54669600	H1	IMR90,AD,HIP,AC,ITL,MFL,DUO,H1MSC,GA,LG,LIV,LV,OV,PA,PO,RA,SB,SG,TH
chr19	55553400	55553200	SB	HIP,AC,CG,ITL,MFL,DUO,LIV,LV,OV,PA,PO,RA,TH
chr19	55571800	55571812	AO	H1,MES,NPC,TRO,MSC,IMR90,AD,HIP,AC,CG,ITL,MFL,DUO,H1MSC,GA,LIV,LV,OV,PA,PO,RA,SV,SB,SG,TH
chr19	55579200	55579700	AO	H1,MES,NPC,TRO,IMR90,AD,HIP,AC,CG,ITL,MFL,DUO,H1MSC,GA,LG,LIV,LV,OV,PA,PO,RA,SG,TH
chr19	58716000	58716300	AO	H1,MES,NPC,TRO,IMR90,HIP,AC,CG,ITL,MFL,DUO,H1MSC,GA,LG,LV,PA,PO,SB,SG,TH
chr19	63776900	63776500	AO	H1,MES,NPC,TRO,IMR90,AD,HIP,AC,CG,ITL,MFL,DUO,H1MSC,LG,LV,OV,PA,PO,SV,SG,TH
chr20	24986700	24986300	TRO	H1,MES,NPC,IMR90,AD,HIP,CG,ITL,MFL,H1MSC,GA,LG,LIV,LV,OV,PA,PO,RA,SV,SB,SG,SX,TH
chr20	25469000	25469400	H1,IMR90,GA,LG,PA,SB	AO,HIP,AC,CG,ITL,MFL,DUO,LIV,LV,OV
chr20	33030400	33030400	CG,ITL,PO	LV,RA
chr20	33223800	33223800	MES,TRO,GA,LG,SB,TH	DUO,LV,RA,SG
chr20	36226300	36226600	MSC	TRO,IMR90,AD,MFL,DUO,LG,LIV,LV,RA,SV
chr20	39403000	39403100	AO	AC,CG,DUO,GA,LIV,LV,PA,SG
chr20	41576600	41576800	AO	H1,MES,NPC,TRO,IMR90,AD,HIP,AC,CG,ITL,MFL,DUO,H1MSC,GA,LG,LIV,LV,OV,PA,PO,RA,SB,SG,TH
chr20	41977800	41977614	MSC	H1,NPC,HIP,AC,CG,ITL,MFL,DUO,H1MSC,LG,LV,SB
chr20	42645500	42646000	NPC,LIV,TH	AO,LG,LV,PO,RA,SV
chr20	60560800	60561000	PA	LV,RA
chr21	26866800	26867300	SB	H1,MES,NPC,TRO,AD,DUO,H1MSC,GA,LG,LV,PO,RA,SV
chr21	42528500	42528400	NPC,LG	HIP,AC,CG,ITL,MFL,DUO,LV,PO
chr22	16059900	16060400	LG,SB	H1,NPC,HIP,AC,CG,ITL,MFL,LV,RA
chr22	23150400	23150200	AO	H1,MES,AD,AC,MFL,DUO,GA,LG,LIV,LV,OV,PA,PO,RA,SV,SB,SG,TH
chr22	29113000	29113400	AO	H1,MES,NPC,IMR90,AD,AC,CG,ITL,MFL,H1MSC,GA,LG,LIV,LV,OV,PA,PO,RA,SG
chr22	29820200	29819900	HIP,CG,MFL,GA,PA	DUO,LV,PO
chr22	34339300	34339600	TRO,PO,SG	LV
chr22	34374500	34375000	H1,MES,TRO	IMR90,AD,HIP,AC,CG,ITL,MFL,DUO,H1MSC,GA,LG,LIV,LV,OV,PA,PO,RA,SV,SB,SG,SX,TH
chr22	34791800	34792300	LG	IMR90,HIP,AC,CG,ITL,MFL,DUO,LIV,LV,OV,PO,RA
chr22	34964900	34965400	TRO	IMR90,AD,HIP,AC,CG,ITL,MFL,DUO,H1MSC,GA,LG,LIV,LV,OV,PA,PO,RA,SB,SG,TH
chr22	40287300	40287400	H1,MES,TRO,H1MSC,LG	IMR90,AD,HIP,AC,CG,ITL,MFL,LV,OV,PA,RA,SV
chr22	41095600	41095500	TRO,MSC	H1,MES,NPC,AD,HIP,AC,CG,ITL,MFL,DUO,H1MSC,GA,LG,LIV,LV,OV,PA,PO,RA,SV,SB,SG,SX,TH
chrX	15421000	15421400	SB	IMR90,AO,HIP,AC,CG,ITL,MFL,DUO,LIV,LV,OV,PO,RA,SV
chrX	39916500	39916500	TRO	H1,HIP,CG,ITL,MFL,LIV,LV,OV,PA,PO,RA,SG,TH
chrX	43626100	43626300	LG,SB	AD,HIP,AC,MFL,DUO,LIV,LV,OV,PO,SV
chrX	48283500	48283300	LG	TRO,IMR90,HIP,CG,ITL,MFL,DUO,LIV,LV,OV,PA,PO,RA,SV,SG,TH
chrX	52022000	52021840	SB	IMR90,HIP,AC,CG,ITL,MFL,H1MSC,LG,LV,TH
chrX	73673300	73672900	LG	NPC,TRO,HIP,AC,CG,ITL,MFL,DUO,GA,LIV,LV,PA,PO,RA,SV,SG,TH
chrX	117993800	117993600	TRO	AD,AO,HIP,AC,CG,ITL,MFL,DUO,LG,LIV,LV,OV,PA,PO,RA,SV,SB,SG
chrX	134013600	134013800	SB	IMR90,HIP,AC,CG,ITL,MFL,DUO,H1MSC,LG,LV,TH
chrX	148394800	148394404	SB	IMR90,HIP,AC,CG,ITL,MFL,DUO,H1MSC,LG,LV,OV,RA,TH
